artist_id;artist_name;artist_tag;genre;level;followers;popularity;spotify_url;imgurl
6uothxMWeLWIhsGeF7cyo4;Enya;celtic;new-age;level_1,level_2;944074;75;https://open.spotify.com/artist/6uothxMWeLWIhsGeF7cyo4;https://i.scdn.co/image/bbcdfc19f66c1c63def713e856d6e46159f2cdfd
562Od3CffWedyz2BbeYWVn;Mike Oldfield;album rock,art rock,new age,progressive rock,symphonic rock;new-age;level_1,level_2;242144;62;https://open.spotify.com/artist/562Od3CffWedyz2BbeYWVn;https://i.scdn.co/image/a420aea5fb5de33569e84eab68d9976d6c35ef8c
00gh6kmKYOu8xyorRxQm6a;Steve Roach;ambient,drift,fourth world;new-age;level_1,level_2;12356;39;https://open.spotify.com/artist/00gh6kmKYOu8xyorRxQm6a;https://i.scdn.co/image/13aa3dd951ef6c722864ce4cad2fd6f2ae8cc181
2J3qGaj5UzHvu0fjlLgb8k;Steven Halpern;healing,kirtan,meditation,new age,sleep;new-age;level_1,level_2;21030;56;https://open.spotify.com/artist/2J3qGaj5UzHvu0fjlLgb8k;https://i.scdn.co/image/fd37023b6486253b6187c43668d962a543c07a05
72qxDp6R6v22pai96pZioz;Yanni;new age,operatic pop;new-age;level_1,level_2;195376;61;https://open.spotify.com/artist/72qxDp6R6v22pai96pZioz;https://i.scdn.co/image/3858a0c603857e9af89c2e0e2402a8cae4c88006
3jdODvx7rIdq0UGU7BOVR3;George Winston;new age,new age piano;new-age;level_1,level_2;60262;59;https://open.spotify.com/artist/3jdODvx7rIdq0UGU7BOVR3;https://i.scdn.co/image/f638161359fbc569d3160dcc2768a287d562bcbd
3IqoFUpoJi1qvebL8Vi2aK;Michael Hedges;fingerstyle;new-age;level_1,level_2;18245;41;https://open.spotify.com/artist/3IqoFUpoJi1qvebL8Vi2aK;https://i.scdn.co/image/4420d6e2827ac3b416193e56c426b2e053e49623
6CTNhXJKT6SdsQspUDIGiY;Kitaro;healing,new age;new-age;level_1,level_2;107296;50;https://open.spotify.com/artist/6CTNhXJKT6SdsQspUDIGiY;https://i.scdn.co/image/a95068c2768dcb8a689f7eb86a27b84def2bbdd9
21Uejbf0dmBe3tEOUhWWt0;David Arkenstone;healing,new age,video game music;new-age;level_1,level_2;25426;52;https://open.spotify.com/artist/21Uejbf0dmBe3tEOUhWWt0;https://i.scdn.co/image/6cf85938faeb8872d86fbec0819635b5ad1dc148
5MHSgzpt7607DgUgvOTlLd;Will Ackerman;fingerstyle,new age;new-age;level_1,level_2;8613;46;https://open.spotify.com/artist/5MHSgzpt7607DgUgvOTlLd;https://i.scdn.co/image/e4103bab344265f8939696b94d89cf012b4917fb
1AhYnfs5mzb3ennyLFXlYD;Ottmar Liebert;flamenco,flamenco guitar,rumba;new-age;level_1,level_2;32556;48;https://open.spotify.com/artist/1AhYnfs5mzb3ennyLFXlYD;https://i.scdn.co/image/1df9dc4d4ac8bc55bf342eb14e079c26e3bbc4ef
7MynOMOTsGz8NFcPUImWAp;Andreas Vollenweider;harp,new age;new-age;level_1,level_2;32429;45;https://open.spotify.com/artist/7MynOMOTsGz8NFcPUImWAp;https://i.scdn.co/image/88fab07443ea1f2dac0defc6148caddbcfde8d6b
4A4X3dAnue0OcKTt9J5A9c;David Lanz;new age,new age piano;new-age;level_1,level_2;22227;48;https://open.spotify.com/artist/4A4X3dAnue0OcKTt9J5A9c;https://i.scdn.co/image/7850b8c4aeadb2e38404ed4b3107e9fa1a2ce9d5
5kNZV33crEsk2IMZMJ8bOQ;Jon Hassell;acousmatic,ambient,art pop,art rock,avant-garde,compositional ambient,dark jazz,drone,experimental,fourth world,free improvisation,free jazz,jazz trumpet,minimal,musique concrete,sound art;new-age;level_1,level_2;10778;36;https://open.spotify.com/artist/5kNZV33crEsk2IMZMJ8bOQ;https://i.scdn.co/image/6b87055d9526f9049966de45e1dc2f6a5b620394
4P70aqttdpJ9vuYFDmf7f6;Vangelis;cyberpunk,new age,soundtrack;new-age;level_1,level_2;229741;61;https://open.spotify.com/artist/4P70aqttdpJ9vuYFDmf7f6;https://i.scdn.co/image/1c54e98873598c9f59b3284fcc79671d0dbba2a8
08b6RShfMPcbl6FQZx9ax2;Shadowfax;new age;new-age;level_1,level_2;2878;22;https://open.spotify.com/artist/08b6RShfMPcbl6FQZx9ax2;https://i.scdn.co/image/595cce36d9f04b2092ee370154c443df7590f7b1
5qlzaXu4riV8YLrL97cwyI;Mark Isham;classic soundtrack,scorecore,soundtrack;new-age;level_1,level_2;15227;49;https://open.spotify.com/artist/5qlzaXu4riV8YLrL97cwyI;https://i.scdn.co/image/9ca4043d1046faf055a7d7ebd95c60c3951fcaa7
59B2CHEMh1to8diq0jB92r;John Tesh;new age;new-age;level_1,level_2;7783;50;https://open.spotify.com/artist/59B2CHEMh1to8diq0jB92r;https://i.scdn.co/image/19ec9cb461b3cb52c43681efc2558913f95502bf
2NzWRNaaLByHyI3wpuec8P;Jim Brickman;new age,new age piano;new-age;level_1,level_2;51369;60;https://open.spotify.com/artist/2NzWRNaaLByHyI3wpuec8P;https://i.scdn.co/image/2ba5308de6fc4317e3c1720bb1692743ed07adf3
0EeHVtSdrYibpGDVHjWEpe;Mannheim Steamroller;adult standards,christmas,new age;new-age;level_1,level_2;34620;64;https://open.spotify.com/artist/0EeHVtSdrYibpGDVHjWEpe;https://i.scdn.co/image/1f948d21dfe29fce4e883f878800166fd782c8df
2D38buglrcCl9TMZ45tkh1;R. Carlos Nakai;healing,meditation,native american;new-age;level_1,level_2;19770;50;https://open.spotify.com/artist/2D38buglrcCl9TMZ45tkh1;https://i.scdn.co/image/5923f29592430f7538aaa981e774f60160803138
7yqRFgyP3seQwIu2FWGBbU;Liz Story;new age,new age piano;new-age;level_1,level_2;4121;39;https://open.spotify.com/artist/7yqRFgyP3seQwIu2FWGBbU;https://i.scdn.co/image/c92b1302cf50925d172c26a86e3d01374083aa88
29wYlrKAdlJOf9ayJIIPpJ;Acoustic Alchemy;british jazz,rumba,smooth jazz;new-age;level_1,level_2;29097;46;https://open.spotify.com/artist/29wYlrKAdlJOf9ayJIIPpJ;https://i.scdn.co/image/77d95002b369367656a01313f34473b63e7e5d47
2il0YNVHfuMhPsacyGiGzj;Stephan Micus;arab folk,fourth world;new-age;level_1,level_2;7661;31;https://open.spotify.com/artist/2il0YNVHfuMhPsacyGiGzj;https://i.scdn.co/image/c31fc3a3199e8e753be88a269de74ebc66b94701
0qfuxQiPQ79eohvARHBLFs;Peter Kater;healing,meditation,new age,new age piano;new-age;level_1,level_2;11739;45;https://open.spotify.com/artist/0qfuxQiPQ79eohvARHBLFs;https://i.scdn.co/image/1f9c79e46e72d56cf1cf8ce71fb6eddf96481957
6rAZ6OYwAXqykSlPxqGy8E;Penguin Cafe Orchestra;bow pop,compositional ambient,fourth world;new-age;level_1,level_2;59592;46;https://open.spotify.com/artist/6rAZ6OYwAXqykSlPxqGy8E;https://i.scdn.co/image/1318532ff93d12602106ffa1c06ddade8ad5034d
61iLE8UCtC0CquRuILASQm;Danny Wright;christian relaxative,classify,new age,operatic pop;new-age;level_1,level_2;5112;54;https://open.spotify.com/artist/61iLE8UCtC0CquRuILASQm;https://i.scdn.co/image/57b1ef774f4a9d0f8c7ea50309eaf2fea3b4ec0b
0fZ2s0I6Gyt60JUJybaEZA;Jesse Cook;flamenco,flamenco guitar,rumba;new-age;level_1,level_2;36034;48;https://open.spotify.com/artist/0fZ2s0I6Gyt60JUJybaEZA;https://i.scdn.co/image/d3819da9afdcfc19ae5f02361d1fc4eeb95109c8
6E7hjfR2Qy6392SnUqCnzr;Suzanne Ciani;new age,new age piano;new-age;level_1,level_2;17015;38;https://open.spotify.com/artist/6E7hjfR2Qy6392SnUqCnzr;https://i.scdn.co/image/31bd96db8954ce6728a03d45219efa0751c7f6ef
0x8J72N9ilqcIZbWEKB8T2;Mychael Danna;canadian soundtrack,scorecore,soundtrack;new-age;level_1,level_2;12200;55;https://open.spotify.com/artist/0x8J72N9ilqcIZbWEKB8T2;https://i.scdn.co/image/883daf938476d71de8a0a01e2f709b2868845808
5Fxwcku7ybQr4azQhK2418;Craig Chaquico;rumba,smooth jazz;new-age;level_1;5168;31;https://open.spotify.com/artist/5Fxwcku7ybQr4azQhK2418;https://i.scdn.co/image/b52f4c74b42a8a46d5786c29293384880df4a50d
7MEyCD4G0Zl6kmikEAZsym;Jan Garbarek;classical saxophone,contemporary jazz,dark jazz,fourth world,jazz fusion,jazz saxophone,norwegian jazz;new-age;level_1,level_2;29562;51;https://open.spotify.com/artist/7MEyCD4G0Zl6kmikEAZsym;https://i.scdn.co/image/f663ba3ed9b4a77bb40c4b2c23ffd936e6fd8169
0BkAYxgwF9VQiid4wI07yJ;Clannad;celtic,celtic rock,new age;new-age;level_1,level_2;65526;50;https://open.spotify.com/artist/0BkAYxgwF9VQiid4wI07yJ;https://i.scdn.co/image/ac0bb7d9aa76182b9b3c0e8620eb9489f3d7b8e1
3jc496ljiyrS3ECrD7QiqL;Gipsy Kings;flamenco,rumba,world;new-age;level_1;327315;66;https://open.spotify.com/artist/3jc496ljiyrS3ECrD7QiqL;https://i.scdn.co/image/e9bbfcf7b98b98920dac69138d86f80e8ff0f556
3mNygoyrEKLgo6sx0MzwOL;Ali Farka Touré;afrobeat,afropop,desert blues,mande pop,world;new-age;level_1;92972;54;https://open.spotify.com/artist/3mNygoyrEKLgo6sx0MzwOL;https://i.scdn.co/image/410e634c2945b0782700c4485f9ed77f9c9afe37
5qEhKFhIXtSGi9Gw449LKX;Alan Stivell;breton folk,celtic;new-age;level_1;11519;35;https://open.spotify.com/artist/5qEhKFhIXtSGi9Gw449LKX;https://i.scdn.co/image/b33578260eaf0a1d5be5c44224775feaeecc7140
3uOCouLFR4bVx0XeiQJSbl;Harold Budd;ambient,american contemporary classical,compositional ambient,fourth world,minimal;new-age;level_1,level_2;30057;67;https://open.spotify.com/artist/3uOCouLFR4bVx0XeiQJSbl;https://i.scdn.co/image/59380452d8cdcaf8170ed06f7cf99d72ef95f1b1
3vcFXwLEUdfWMu7gTQKyot;Steven Curtis Chapman;anthem worship,ccm,christian alternative rock,christian music,christian rock,worship;new-age;level_1;186748;56;https://open.spotify.com/artist/3vcFXwLEUdfWMu7gTQKyot;https://i.scdn.co/image/bcbe2d03b86842f121904e60952054c0cd1e86dc
5NTEVDdw1KuWN3cUX3kZ1y;Michael Brook;canadian soundtrack,compositional ambient,fourth world;new-age;level_1,level_2;8661;42;https://open.spotify.com/artist/5NTEVDdw1KuWN3cUX3kZ1y;https://i.scdn.co/image/b896ac022eca3168b6a6320f21bcc92c010733c5
7ua35iM0VjwfuHopuQDScm;Twila Paris;ccm,christian music,christian relaxative,classic praise,deep christian rock,worship;new-age;level_1;24869;39;https://open.spotify.com/artist/7ua35iM0VjwfuHopuQDScm;https://i.scdn.co/image/58feb91b2626dfd3f1162953804603722726d123
6GUg2fRLklsnSJsG3PrTt0;Secret Garden;bow pop,celtic,neoclassical,new age,operatic pop;new-age;level_2;102344;57;https://open.spotify.com/artist/6GUg2fRLklsnSJsG3PrTt0;https://i.scdn.co/image/7a9a8f8cf75bf5f04f20250bdac2c8c6dbc4cd88
4D0CepDROoLM09ht1sM5cu;ERA;new age;new-age;level_2;118999;56;https://open.spotify.com/artist/4D0CepDROoLM09ht1sM5cu;https://i.scdn.co/image/1f3bee6694e74d2f144b12e56735afdb12a6e453
73GJmUlQIaIhau1wiDsXVB;Adiemus;new age;new-age;level_2;37687;48;https://open.spotify.com/artist/73GJmUlQIaIhau1wiDsXVB;https://i.scdn.co/image/6ce2dd31e4320eb693fc28536de74d9c6f2f1051
6NWtt9pNOL2Gx7kBykdE5x;Celtic Woman;celtic,operatic pop;new-age;level_2;212013;62;https://open.spotify.com/artist/6NWtt9pNOL2Gx7kBykdE5x;https://i.scdn.co/image/a168a9a50d8f107282afcb37d456c38d1716889d
1JdeDdujDbS6ZeSlkXqx3a;Loreena McKennitt;canadian celtic,celtic,new age,world;new-age;level_2;193219;59;https://open.spotify.com/artist/1JdeDdujDbS6ZeSlkXqx3a;https://i.scdn.co/image/d30676cdf023a2335344b16a4f73173e98f941bf
3ZvmmlF8EMEpnnK90jfuJv;Moya Brennan;celtic,new age,operatic pop;new-age;level_2;16447;47;https://open.spotify.com/artist/3ZvmmlF8EMEpnnK90jfuJv;https://i.scdn.co/image/e678f9e3dd59091ca082a49712e2b29d1a681268
5QO1NNCLglKxgogzx6XLJn;Gregorian;new age;new-age;level_2;63171;50;https://open.spotify.com/artist/5QO1NNCLglKxgogzx6XLJn;https://i.scdn.co/image/94cbd0a9e4a9c257d836a5c95fbded34232841a6
4xFueAacGHCXOVj8Tbh5ur;Lesiem;healing,new age;new-age;level_2;13453;45;https://open.spotify.com/artist/4xFueAacGHCXOVj8Tbh5ur;https://i.scdn.co/image/dd6fb261a8eccde582e28704d5ca7e9898de52b8
3DmG65yHQsMms7WAvrZOdt;Enigma;downtempo,new age;new-age;level_2;327948;63;https://open.spotify.com/artist/3DmG65yHQsMms7WAvrZOdt;https://i.scdn.co/image/c09fafa9c7927dc7b58cd4938b5c2a45c570c36d
4pAYkltTzVhqBZuDekCHa3;Deep Forest;healing,new age;new-age;level_2;63813;48;https://open.spotify.com/artist/4pAYkltTzVhqBZuDekCHa3;https://i.scdn.co/image/3820bf4e0b1a9cf264ea9652ad0dc16cb239520a
6UxYW4p6OoRf85fNMupsfV;Ronan Hardiman;celtic,new age;new-age;level_2;12467;50;https://open.spotify.com/artist/6UxYW4p6OoRf85fNMupsfV;https://i.scdn.co/image/6bde3dd47067125f346406f4fdd833e83e721519
34sL9HIOU50t8u0IQMZeze;Chloe Agnew;celtic,new age,operatic pop;new-age;level_2;12919;51;https://open.spotify.com/artist/34sL9HIOU50t8u0IQMZeze;https://i.scdn.co/image/27a399b1287ac4c7aaca4a598d4aa16d373eaacb
0iF2gedsSjoVHRUh5vXSdu;Cirque du Soleil;ballet class,new age;new-age;level_2;68538;51;https://open.spotify.com/artist/0iF2gedsSjoVHRUh5vXSdu;https://i.scdn.co/image/7000df24a797ec77a3674c217d24fe4b20ccfff7
3iCEJiyLrmF5bHH6w1vIz6;Amethystium;healing,new age;new-age;level_2;23136;44;https://open.spotify.com/artist/3iCEJiyLrmF5bHH6w1vIz6;https://i.scdn.co/image/5d9fa4e75346733f7c905ec160cef6cd41a75c70
6YwmMJzpEasXQzLDR4iA5A;Sacred Spirit;healing,native american,new age;new-age;level_2;37781;45;https://open.spotify.com/artist/6YwmMJzpEasXQzLDR4iA5A;https://i.scdn.co/image/169352e549e8c1239f107860fa5c6aa290f12fee
5gS1uXayWA0WJPgcRqNIae;Jon & Vangelis;art rock,new age,progressive rock,symphonic rock;new-age;level_2;54091;46;https://open.spotify.com/artist/5gS1uXayWA0WJPgcRqNIae;https://i.scdn.co/image/7feb77821c9c30ca0944070d9bcfa17822874250
1BGN1IdyiSR0ZYrkoKNchl;Tangerine Dream;ambient,art rock,electronic,fourth world,krautrock,progressive rock,space rock,symphonic rock;new-age;level_2;107814;50;https://open.spotify.com/artist/1BGN1IdyiSR0ZYrkoKNchl;https://i.scdn.co/image/b6fdcd5f25178660296f56f291c0f7bb73eb9ac6
4M6YdvdCPW1fvQYbLwmNWZ;Karunesh;healing,kirtan,meditation,new age,rumba,world fusion;new-age;level_2;37743;52;https://open.spotify.com/artist/4M6YdvdCPW1fvQYbLwmNWZ;https://i.scdn.co/image/556920472aab4a7c76d75d807ec0d1cb3b20f77a
6zVSYiNDYelMzhMiZQJU7W;2002;healing,new age,operatic pop;new-age;level_2;10744;56;https://open.spotify.com/artist/6zVSYiNDYelMzhMiZQJU7W;https://i.scdn.co/image/39d44dbe4df4bcfc5397955ef552ec169ee449e9
5a4gbN7QchpH2EgapVHB5I;Erik Wøllo;ambient,healing;new-age;level_2;2953;32;https://open.spotify.com/artist/5a4gbN7QchpH2EgapVHB5I;https://i.scdn.co/image/34d9bba95332e6456765f657a95ff054d63f2c6e
3ux92I3CgfnhgLyYNsXIwZ;Robert Rich;ambient,dark ambient,drift,fourth world;new-age;level_2;11076;36;https://open.spotify.com/artist/3ux92I3CgfnhgLyYNsXIwZ;https://i.scdn.co/image/9071461f1db1621cbf6a0ec0f9bd9c113f5861e4
5KbIofwaAvbvvkzG2zbmGD;Michael Stearns;ambient;new-age;level_2;4983;33;https://open.spotify.com/artist/5KbIofwaAvbvvkzG2zbmGD;https://i.scdn.co/image/9202638cedbd3dfa2629a19c40766f4b24b1374f
2XIofINsssPKwSxXzDo1kb;Alpha Wave Movement;ambient,deep ambient;new-age;level_2;3598;25;https://open.spotify.com/artist/2XIofINsssPKwSxXzDo1kb;https://i.scdn.co/image/c9e430b56c6343d3f22fc42cd6fa15016faac6c2
1EHH5QEc23WZZ4KlbBngMZ;Thom Brennan;ambient,deep ambient,drift;new-age;level_2;2423;25;https://open.spotify.com/artist/1EHH5QEc23WZZ4KlbBngMZ;https://i.scdn.co/image/4590b4d55593ea0790d304fc00dd5e58cad41e43
3g94tTUOoqf4IweFjbAA30;Jeff Greinke;ambient,dark ambient;new-age;level_2;1015;16;https://open.spotify.com/artist/3g94tTUOoqf4IweFjbAA30;https://i.scdn.co/image/81a5496ae506015ee658bd2215786bbe12db9881
6IetSXRkrJBNrZ9ogrLaYZ;Alio Die;ambient,dark ambient,fourth world;new-age;level_2;2757;26;https://open.spotify.com/artist/6IetSXRkrJBNrZ9ogrLaYZ;https://i.scdn.co/image/2f971f253b7b1ff33bb9a33368f01a00032ce0e6
6hjwMyRlrBjgwFPZIIewmz;Byron Metcalf;ambient;new-age;level_2;3290;30;https://open.spotify.com/artist/6hjwMyRlrBjgwFPZIIewmz;https://i.scdn.co/image/ed61760d58db18dbf82b3bf77f8de3b768ebcaf3
1QZGv6Rumxnw9nIGmowvlM;Jonn Serrie;ambient,drift,fourth world;new-age;level_2;4850;37;https://open.spotify.com/artist/1QZGv6Rumxnw9nIGmowvlM;https://i.scdn.co/image/640c575593bd81959ba6bcd9900890142323b5b1
0Qg8V53QwgXLDtN0xMUL5q;Max Corbacho;ambient,deep ambient,drift;new-age;level_2;3189;37;https://open.spotify.com/artist/0Qg8V53QwgXLDtN0xMUL5q;https://i.scdn.co/image/639dead2f0c15032ffbc2a8d5c7bbadbb41a3c66
07E8fEXel4D6n9CxV2kF7G;David Helpling;ambient,drift;new-age;level_2;3985;35;https://open.spotify.com/artist/07E8fEXel4D6n9CxV2kF7G;https://i.scdn.co/image/107aabbc0fd40974ce28e95bd0b5d04b1d1efed8
74pi4wcNMJ20RYsbbEmA46;Jeff Pearce;ambient,deep ambient,drift;new-age;level_2;1730;25;https://open.spotify.com/artist/74pi4wcNMJ20RYsbbEmA46;https://i.scdn.co/image/3db1a4b231477064a7c9f9a006badc47d0cecfb8
4VGHqztDBAh95jlyuMmWhO;Richard Bone;ambient;new-age;level_2;1403;24;https://open.spotify.com/artist/4VGHqztDBAh95jlyuMmWhO;https://i.scdn.co/image/fd7145433ce010f466c7b28c3f9d744a342a45ad
5iGKOVIxwrxmHPJAlLaePX;Between Interval;ambient,drift,dronescape,psychill;new-age;level_2;2137;31;https://open.spotify.com/artist/5iGKOVIxwrxmHPJAlLaePX;https://i.scdn.co/image/d4c5f6c48099219dc110c1889513c1bda353d886
2MlUYzToSXyCl8suZYhnAy;Oophoi;ambient,dark ambient,deep ambient,drift;new-age;level_2;1771;19;https://open.spotify.com/artist/2MlUYzToSXyCl8suZYhnAy;https://i.scdn.co/image/d754c1539c3db97081d2f266741de4450dd6ffed
1lcSyy7dexNau6F9njQj72;Numina;ambient,deep ambient;new-age;level_2;792;17;https://open.spotify.com/artist/1lcSyy7dexNau6F9njQj72;https://i.scdn.co/image/39dcd1b8c81390bae9960cb09f68ec1ae696837d
1U0diiFPWCRYbyoM0wVmkw;Jon Jenkins;ambient;new-age;level_2;2296;35;https://open.spotify.com/artist/1U0diiFPWCRYbyoM0wVmkw;https://i.scdn.co/image/2bc8c6b01dc99676e6d76bf1578cbefb22798ad5
2IZOC3H2mKRvJ5F1R34nuR;vidnaObmana;ambient,dark ambient;new-age;level_2;1303;13;https://open.spotify.com/artist/2IZOC3H2mKRvJ5F1R34nuR;https://i.scdn.co/image/979b3cf1e3c27c75fcce43d6d98c6ae7d7e76a64
5KidkppzAHxS03tH8hSu2m;Matt Borghi;ambient,deep ambient;new-age;level_2;605;20;https://open.spotify.com/artist/5KidkppzAHxS03tH8hSu2m;https://i.scdn.co/image/eb42fbe13b10fb0bac7ef802aa34fbcfda40f32b
0oXkiTT68ZrDRA5jj7O3iz;Mathias Grassow;ambient,dark ambient,drift;new-age;level_2;1503;22;https://open.spotify.com/artist/0oXkiTT68ZrDRA5jj7O3iz;https://i.scdn.co/image/1a20ca16a67d049eeb0da9a32e0eea04c4f2a1de
6Sp2FifnF2ZMmUrLvUuapi;Dean Evenson;healing,meditation,new age,sleep,world meditation;new-age;level_2;10825;60;https://open.spotify.com/artist/6Sp2FifnF2ZMmUrLvUuapi;https://i.scdn.co/image/241c1b86a0a5abb053a3e80b77ac0b199c64f0d4
5KnTqREHfCARDD8im3isVg;Jonathan Goldman;healing,kirtan,meditation;new-age;level_2;11292;47;https://open.spotify.com/artist/5KnTqREHfCARDD8im3isVg;https://i.scdn.co/image/9553edf554059e49466d3ca3a4555e389bbfa027
3AGvwnXbUo9LoAU2P5qYHB;Deuter;healing,meditation,new age;new-age;level_2;40537;62;https://open.spotify.com/artist/3AGvwnXbUo9LoAU2P5qYHB;https://i.scdn.co/image/7ebc5aaa608fddcce91e372f0a0adbb964eeb7ce
61MAx7qEOF3nonLvS6mxFm;Llewellyn;healing,meditation,new age;new-age;level_2;11742;47;https://open.spotify.com/artist/61MAx7qEOF3nonLvS6mxFm;https://i.scdn.co/image/70992cbc0846d99380e66740ed5a61aeab5560be
7LQeFPitSkKhIskTd8knhP;Coyote Oldman;healing,meditation,native american,new age;new-age;level_2;4212;44;https://open.spotify.com/artist/7LQeFPitSkKhIskTd8knhP;https://i.scdn.co/image/6e744da35f98662a0f3225769ed82f65a902dfa4
0DhTHSo00qVa3OQRWLzA8j;Terry Oldfield;healing,kirtan,meditation,new age;new-age;level_2;8934;43;https://open.spotify.com/artist/0DhTHSo00qVa3OQRWLzA8j;https://i.scdn.co/image/6309f07cb02cd066b349d101d32f44a5ea0ad718
7IZWH07w9P4HXc2Qo9xwpY;Chinmaya Dunster;healing,kirtan,meditation,new age,new tribe,world fusion;new-age;level_2;13275;46;https://open.spotify.com/artist/7IZWH07w9P4HXc2Qo9xwpY;https://i.scdn.co/image/681d3c242a8cc56bc2f62b5a669d8b7892e0acc0
5cOtVuqIJNlcQnFzbF0wu6;Nawang Khechog;healing,kirtan,meditation,native american,sleep;new-age;level_2;6149;35;https://open.spotify.com/artist/5cOtVuqIJNlcQnFzbF0wu6;https://i.scdn.co/image/edd4f328c15aa7258bb93bd4048609877c769152
5D7gnyD7U75lCDAJxIW5Ew;Shastro;healing,kirtan,meditation,new age;new-age;level_2;3045;37;https://open.spotify.com/artist/5D7gnyD7U75lCDAJxIW5Ew;https://i.scdn.co/image/9e0d51c7e6f4d18438e4802c5158f813692259a9
6lpQfHLbVN6VByl14T8Bry;Parijat;healing,kirtan,meditation,new age;new-age;level_2;8693;49;https://open.spotify.com/artist/6lpQfHLbVN6VByl14T8Bry;https://i.scdn.co/image/04227d0b73201800d8333daddd5b9cb545d4dda7
7eJJlXsiOqFXsaxRDyelMO;Riley Lee;healing,kirtan,meditation,world meditation;new-age;level_2;5673;51;https://open.spotify.com/artist/7eJJlXsiOqFXsaxRDyelMO;https://i.scdn.co/image/cf63c5a18e0421eeb5d2fdf508308b75703aa18b
2mvZFsiQR3yWcHAroduCTF;Liquid Mind;ambient,atmosphere,healing,meditation,new age,sleep;new-age;level_2;23888;60;https://open.spotify.com/artist/2mvZFsiQR3yWcHAroduCTF;https://i.scdn.co/image/311140b26555f13e3522415aff03c3030e57eb48
6oQ2ggXtiBDHoRBgR6it6i;Nadama;healing,kirtan,meditation,new age;new-age;level_2;1753;49;https://open.spotify.com/artist/6oQ2ggXtiBDHoRBgR6it6i;https://i.scdn.co/image/857a3657ef9d018acd9680b641841f5fab7d4e29
2Y4VeDUhZAE8UfGXqZJ7dX;Benjy Wertheimer;healing,kirtan,meditation,new tribe,world fusion;new-age;level_2;12194;48;https://open.spotify.com/artist/2Y4VeDUhZAE8UfGXqZJ7dX;https://i.scdn.co/image/7554e78a98a11e304777dab601f083376216d5f1
4yt002Vil1q4Vl9JOx48QG;David & Steve Gordon;healing,meditation,native american,new age;new-age;level_2;4921;39;https://open.spotify.com/artist/4yt002Vil1q4Vl9JOx48QG;https://i.scdn.co/image/1cc987e2899270dc629b0f01312a04c1dca38263
6PrmdED3r6myOJO6nQ5X4A;Aeoliah;healing,meditation,new age;new-age;level_2;7659;34;https://open.spotify.com/artist/6PrmdED3r6myOJO6nQ5X4A;https://i.scdn.co/image/66ecd16a64196a5002ec61ded86c885246f21398
2970BxpdOBQmkMit6i9kVF;Deva Premal;healing,kirtan,meditation;new-age;level_2;146817;60;https://open.spotify.com/artist/2970BxpdOBQmkMit6i9kVF;https://i.scdn.co/image/024ff9441867d73b27c94fcd755b5d7626ad40c0
6yrovMYhgftVImYWt9uj06;Kamal;healing,meditation;new-age;level_2;3047;33;https://open.spotify.com/artist/6yrovMYhgftVImYWt9uj06;https://i.scdn.co/image/dd07793e77659aed15970b0d97283d1e31cf5025
42hAALNK37w5Zx8dnGGLZ6;Chris Spheeris;healing,new age,rumba;new-age;level_2;7896;39;https://open.spotify.com/artist/42hAALNK37w5Zx8dnGGLZ6;https://i.scdn.co/image/b6b601cc81cbc076cb0becfb632ea992dd375f9b
0I8nAaq5bLnTm3aEvr8rIB;Kevin Kern;classify,healing,neoclassical,new age,new age piano;new-age;level_2;21543;53;https://open.spotify.com/artist/0I8nAaq5bLnTm3aEvr8rIB;https://i.scdn.co/image/16bd9d61f7a2d662159d89f9c6a53a53fca9f6c1
7Mf91RZQ8YcvY0p3DfMc0f;Cusco;new age,rumba;new-age;level_2;9972;35;https://open.spotify.com/artist/7Mf91RZQ8YcvY0p3DfMc0f;https://i.scdn.co/image/127ce46c7a7654983521f365703eb9915b8d2e62
54EYfCxN1dGJKec029vO7S;Nicholas Gunn;healing,new age,rumba;new-age;level_2;4890;34;https://open.spotify.com/artist/54EYfCxN1dGJKec029vO7S;https://i.scdn.co/image/aa2d929a74b65304134eb8897d330a54abf435d0
6i0LKHO7lJERsxeSqIjw6E;Mehdi;healing,new age,rumba;new-age;level_2;3997;32;https://open.spotify.com/artist/6i0LKHO7lJERsxeSqIjw6E;https://i.scdn.co/image/659bb0391186ad96e9b4e3ca2bca0ee75fd005ca
7ukOC5U2oweIhxAm26BNF7;Ray Lynch;healing,new age;new-age;level_2;6311;33;https://open.spotify.com/artist/7ukOC5U2oweIhxAm26BNF7;https://i.scdn.co/image/f6523c0dcc2b95050abbea5bb6f86cd828a34eda
2kD8q4RE7i59z0kX7YidhP;Medwyn Goodall;healing,new age;new-age;level_2;13092;41;https://open.spotify.com/artist/2kD8q4RE7i59z0kX7YidhP;https://i.scdn.co/image/2327817b866646eed1e4b69435759c3f65e48508
22V0njAp1MdZRrqP22VEh5;Omar Akram;new age,rumba;new-age;level_2;5990;37;https://open.spotify.com/artist/22V0njAp1MdZRrqP22VEh5;https://i.scdn.co/image/a34d3e1716c7527231e9387db4f2482f55ef38de
1Y5juAYDcY3pv167EIBwlk;Mars Lasar;healing,new age;new-age;level_2;5523;33;https://open.spotify.com/artist/1Y5juAYDcY3pv167EIBwlk;https://i.scdn.co/image/e7e4819eaa32846e5082c1e25d84b00875cb0a9c
6loZG94eB7myZSCyFCHm5X;Michael Jones;new age,new age piano;new-age;level_2;4191;42;https://open.spotify.com/artist/6loZG94eB7myZSCyFCHm5X;https://i.scdn.co/image/fbc0be85d70e59f5c2e04e099db6f8cfdcb9f40c
3GC8N34WtfcKZR5K4SRMdd;Philip Aaberg;new age,new age piano;new-age;level_2;2067;35;https://open.spotify.com/artist/3GC8N34WtfcKZR5K4SRMdd;https://i.scdn.co/image/c1cedda0a04fe20a2181b4ee547ac48261944839
13CLZBR9RbwxLXRyh5m3MC;Greg Maroney;classify,focus,new age,new age piano;new-age;level_2;9076;54;https://open.spotify.com/artist/13CLZBR9RbwxLXRyh5m3MC;https://i.scdn.co/image/aff8f33e9c82fc3822116834797cc78639988ef3
2YQ4MY2VwOMv43C0GemUY5;Jon Schmidt;christian relaxative,classify,new age,new age piano;new-age;level_2;22505;47;https://open.spotify.com/artist/2YQ4MY2VwOMv43C0GemUY5;https://i.scdn.co/image/ddf974a7d5df93e1928bca5f73f6b06413ca208b
7FQRbf8gbKw8KZQZAJWxH2;Paul Cardall;christian relaxative,lds,new age,new age piano;new-age;level_2;31909;57;https://open.spotify.com/artist/7FQRbf8gbKw8KZQZAJWxH2;https://i.scdn.co/image/a4d09d9ea055713d6789de6dd2aff94e0b650ddc
2leLOUpqlp2g65Guf8IqEv;Laura Sullivan;classify,new age,new age piano,sleep;new-age;level_2;5064;51;https://open.spotify.com/artist/2leLOUpqlp2g65Guf8IqEv;https://i.scdn.co/image/292b6870cb40ca15111acd13a72ec1be28f19fb5
7zbq3gjHu4JAiMV7dWbUdv;David Nevue;christian relaxative,new age,new age piano;new-age;level_2;13600;47;https://open.spotify.com/artist/7zbq3gjHu4JAiMV7dWbUdv;https://i.scdn.co/image/14cb2b617b8d057bc1aa734827c00558dbff6e5f
6roo9MjIl9htSsX2Snnipb;Brian Crain;classify,new age,new age piano;new-age;level_2;51741;58;https://open.spotify.com/artist/6roo9MjIl9htSsX2Snnipb;https://i.scdn.co/image/63f2629cc0d21f17dfddd4a97d92f06528e0df27
0M3z0zBMyiUMjsmRihijyH;George Skaroulis;new age,new age piano;new-age;level_2;2912;46;https://open.spotify.com/artist/0M3z0zBMyiUMjsmRihijyH;https://i.scdn.co/image/645d7b10dc60c32ff553bac92230b4852c2a8b79
6EByiuiE0MP5cwURNGSQXU;Ann Sweeten;classify,healing,new age,new age piano,operatic pop;new-age;level_2;2279;53;https://open.spotify.com/artist/6EByiuiE0MP5cwURNGSQXU;https://i.scdn.co/image/b09ec78a14be2be8d111419152f1c8be9dff7a6e
7xaLfXBI5MSy3aNX7m4X3O;Philip Wesley;classify,focus,new age,new age piano;new-age;level_2;23351;58;https://open.spotify.com/artist/7xaLfXBI5MSy3aNX7m4X3O;https://i.scdn.co/image/74bb232ce240f320352872638c0ef0439b864435
7EXt4A1enL8YDEhheC2MLA;Alex de Grassi;fingerstyle;new-age;level_2;4249;40;https://open.spotify.com/artist/7EXt4A1enL8YDEhheC2MLA;https://i.scdn.co/image/e3295c39b2c7c34995f5a73853ba72fa30b92bda
4FtcVLw0u7qvqrJYLHkHZn;Michele McLaughlin;new age,new age piano;new-age;level_2;14281;52;https://open.spotify.com/artist/4FtcVLw0u7qvqrJYLHkHZn;https://i.scdn.co/image/f533418ce1fb327212745000b4621a2a3a09957d
21og01vigGgPGi1EPjcSON;Steve Erquiaga;fingerstyle;new-age;level_2;801;47;https://open.spotify.com/artist/21og01vigGgPGi1EPjcSON;
3NQRIqPwnKZJ4KLKGSkl2Y;Don Ross;fingerstyle;new-age;level_2;16242;39;https://open.spotify.com/artist/3NQRIqPwnKZJ4KLKGSkl2Y;https://i.scdn.co/image/7d382d87b68fbd7090c7f3cfb7fc6890d00e538d
1hwcT3vT42GFsikYfVnMIG;Stephen Bennett;classify,fingerstyle;new-age;level_2;3531;44;https://open.spotify.com/artist/1hwcT3vT42GFsikYfVnMIG;https://i.scdn.co/image/bcd64b841367d2438839dfc75609ed870988bc1d
5uUZTnrbdFHzEbFvCtl03Y;Billy McLaughlin;fingerstyle,rumba;new-age;level_2;4702;40;https://open.spotify.com/artist/5uUZTnrbdFHzEbFvCtl03Y;https://i.scdn.co/image/872ccbaa0d467d85761aafb53a05fe93a58eaa26
3vq33dQ6liVEX2sNqMdMS7;Preston Reed;fingerstyle;new-age;level_2;4162;26;https://open.spotify.com/artist/3vq33dQ6liVEX2sNqMdMS7;https://i.scdn.co/image/acd023e611225f1efecfd430b4889a9cf79af2bc
15kzFPO1n6iK1GqFaTDDBo;Antoine Dufour;fingerstyle;new-age;level_2;21553;43;https://open.spotify.com/artist/15kzFPO1n6iK1GqFaTDDBo;https://i.scdn.co/image/77bd42f93ff1a61573a99fcb374a6d5e760738d4
5gwjYIVPjuGklvvIhM9EnI;Pierre Bensusan;fingerstyle;new-age;level_2;5694;31;https://open.spotify.com/artist/5gwjYIVPjuGklvvIhM9EnI;https://i.scdn.co/image/8ec0de91dfc7dddb33747ab513daca40f3cd4333
1H7E1z6lIIdBqt0j50iq2n;Erick Turnbull;fingerstyle;new-age;level_2;861;19;https://open.spotify.com/artist/1H7E1z6lIIdBqt0j50iq2n;https://i.scdn.co/image/8286aff5386f883b17def6d4f7d238f47a3d3293
6anJUx8VOwZK9Sh3MF5PKV;Adrian Legg;fingerstyle;new-age;level_2;1743;16;https://open.spotify.com/artist/6anJUx8VOwZK9Sh3MF5PKV;https://i.scdn.co/image/cf2a85ba6f49004349c703eda8427c6bc53d6525
1cywUimvdizYl8EFW19xKF;Laurence Juber;fingerstyle;new-age;level_2;2988;33;https://open.spotify.com/artist/1cywUimvdizYl8EFW19xKF;https://i.scdn.co/image/421da32d5f4763aff8de83f59615de5f1318fd30
2apeY3VvLGjYP5jKUTc19H;Doyle Dykes;fingerstyle;new-age;level_2;2167;21;https://open.spotify.com/artist/2apeY3VvLGjYP5jKUTc19H;https://i.scdn.co/image/e2a1824f4f760d7de767da80e73711c8249f31ef
7Mt6u0GfDpAzQnWYGMCIQJ;Erik Mongrain;fingerstyle;new-age;level_2;10208;28;https://open.spotify.com/artist/7Mt6u0GfDpAzQnWYGMCIQJ;https://i.scdn.co/image/402400a7345e3cec5000bd750ed8805d67416d63
4YzYewhzHdLKLj8xdjaJVC;Muriel Anderson;fingerstyle;new-age;level_2;1798;39;https://open.spotify.com/artist/4YzYewhzHdLKLj8xdjaJVC;https://i.scdn.co/image/3ad4d274f546a9827030b4cde297f1af5cc47eb1
5kysfn4TgUtQxTdHX3mZ4t;Peppino D'Agostino;fingerstyle;new-age;level_2;1496;19;https://open.spotify.com/artist/5kysfn4TgUtQxTdHX3mZ4t;https://i.scdn.co/image/79326afd41d18ae3a2b01467683153fd2c0a3dde
0hgyJglpHPUgG74d374YVZ;Ed Gerhard;fingerstyle;new-age;level_2;1115;37;https://open.spotify.com/artist/0hgyJglpHPUgG74d374YVZ;https://i.scdn.co/image/9280b5cdc7fb43e7e180b6a66701db4846d1bf6c
5FqzOo3S4RpuBZOd88UiLx;Michael Gulezian;fingerstyle;new-age;level_2;731;15;https://open.spotify.com/artist/5FqzOo3S4RpuBZOd88UiLx;https://i.scdn.co/image/fa51bf4e61e0cbd0e9212a1e722ec4c5e712cb0f
7H7kbnGiqnG8GYDtDALthl;Isato Nakagawa;classify,fingerstyle;new-age;level_2;2500;47;https://open.spotify.com/artist/7H7kbnGiqnG8GYDtDALthl;https://i.scdn.co/image/d7fdcc7baf8b7bbf061c729e030809e1c5a84095
4R0XYIRRNeSBEq99jb5yko;Chris Proctor;fingerstyle;new-age;level_2;837;31;https://open.spotify.com/artist/4R0XYIRRNeSBEq99jb5yko;https://i.scdn.co/image/3935a77a904e3c2478c337eed5f4ac2f06400c01
59T0qdTmDGZ1g0slfSbPfy;Andy McKee;fingerstyle;new-age;level_2;75831;47;https://open.spotify.com/artist/59T0qdTmDGZ1g0slfSbPfy;https://i.scdn.co/image/16e1bd8cc77dad557a8855dbb2e843e8670ec669
3efW4k0fha9Ksj7W2v4rTM;Mythos;healing,new age;new-age;level_2;9053;33;https://open.spotify.com/artist/3efW4k0fha9Ksj7W2v4rTM;https://i.scdn.co/image/9c1e8140248965b9be4f4f7932d39eb9e0ad6c98
1Q2ifiLn6HWlRAlycDOsvk;Oliver Shanti & Friends;healing,new age;new-age;level_2;17068;43;https://open.spotify.com/artist/1Q2ifiLn6HWlRAlycDOsvk;https://i.scdn.co/image/9978c3ff4b793c9f03bb6bc98df0de1b2c5afd58
7F1bUE2y2JjoReZ4hESAAV;Himekami;new age;new-age;level_2;6139;28;https://open.spotify.com/artist/7F1bUE2y2JjoReZ4hESAAV;https://i.scdn.co/image/e6fd01cfd82283c9d9ea3a744655046239d88311
79CDaDmbUPOoPylS1XFhTw;Isgaard;new age;new-age;level_2;2973;33;https://open.spotify.com/artist/79CDaDmbUPOoPylS1XFhTw;https://i.scdn.co/image/1c39bbd4449a80d2ee0159ab8dd95e8fc2ed9488
7tACdDgcOW9HHM1Z4T3L29;Diane Arkenstone;healing,new age;new-age;level_2;6152;33;https://open.spotify.com/artist/7tACdDgcOW9HHM1Z4T3L29;https://i.scdn.co/image/283936fe5ebba77434cba7d29caef12008ed7e6b
7DCHj51jkx28ABRyrKzmul;Lisa Lynne;celtic,healing,new age,string folk;new-age;level_2;6081;41;https://open.spotify.com/artist/7DCHj51jkx28ABRyrKzmul;https://i.scdn.co/image/e8b0cab0e62934f6ac90a97335a30ebf09b4bf7b
3yBHmpIPyOHa80cQxSedau;Miriam Stockley;celtic,new age,operatic pop;new-age;level_2;6467;35;https://open.spotify.com/artist/3yBHmpIPyOHa80cQxSedau;https://i.scdn.co/image/c10e867b67d7f51dc4beaacdda08f6901d285c75
2SCjnxZujs0rLuH1ByLPP1;Enaid;celtic,new age;new-age;level_2;5589;36;https://open.spotify.com/artist/2SCjnxZujs0rLuH1ByLPP1;https://i.scdn.co/image/46836d7e22eeef1f0ead8ee8d3813b0317bb2cff
6Q59EZh3Nb2urfj82a8XFK;Bill Douglas;celtic,healing,new age;new-age;level_2;5655;41;https://open.spotify.com/artist/6Q59EZh3Nb2urfj82a8XFK;https://i.scdn.co/image/bba3d7afb240109719588f18773ee69dca3f8e00
04s6Xb6ypXkYxZJJmmzrno;William Ellwood;fingerstyle,new age;new-age;level_2;1012;28;https://open.spotify.com/artist/04s6Xb6ypXkYxZJJmmzrno;https://i.scdn.co/image/fb62df082f9f8058079806b146c2a6b3b84439b3
5ZdfW7Mt5kz0pEhV0p0WRb;Eric Tingstad;fingerstyle,new age,rumba;new-age;level_2;2408;38;https://open.spotify.com/artist/5ZdfW7Mt5kz0pEhV0p0WRb;https://i.scdn.co/image/3a36dd6e81bd77272eaa6ec70b87e43e0ed581f6
6S7EbdcNj5pWjBdeNU0FWc;Tim Story;ambient,new age;new-age;level_2;2377;35;https://open.spotify.com/artist/6S7EbdcNj5pWjBdeNU0FWc;https://i.scdn.co/image/3b458369f4afbe47a49e63177a9563244889c11f
2J8BTmgI69sBHFlmigC1ak;Tuck Andress;fingerstyle,jazz guitar;new-age;level_2;1690;32;https://open.spotify.com/artist/2J8BTmgI69sBHFlmigC1ak;https://i.scdn.co/image/e7f8527ccfcd6404d34248651335e7187626e53d
7a0URiEPOKZnXCAjFaiZ2J;Sean Harkness;fingerstyle;new-age;level_2;423;28;https://open.spotify.com/artist/7a0URiEPOKZnXCAjFaiZ2J;https://i.scdn.co/image/fccc56b968ab65c1729eb7a8e5abf6809b9e7aea
2Vr1fub6eNIztdUNeFPvJj;Strunz & Farah;flamenco,flamenco guitar,rumba;new-age;level_2;10461;38;https://open.spotify.com/artist/2Vr1fub6eNIztdUNeFPvJj;https://i.scdn.co/image/29e2e62c819478a6c4b4a256c426958c02986da2
6lt6zm42eGWzljf80v152L;Ottmar Liebert + Luna Negra;flamenco,flamenco guitar,rumba;new-age;level_2;4613;32;https://open.spotify.com/artist/6lt6zm42eGWzljf80v152L;https://i.scdn.co/image/dfd48bf53c30b64d48869db070ee9b0acff1733b
3bO8GsqYe5H4xTkcP5ZUZm;Johannes Linstead;flamenco,flamenco guitar,rumba;new-age;level_2;9067;41;https://open.spotify.com/artist/3bO8GsqYe5H4xTkcP5ZUZm;https://i.scdn.co/image/7d707c00e866ad2c3201a37f3c08224b3fbf8a1c
2Z8XcWdgy5dSaiQR3d7tHK;Armik;flamenco,flamenco guitar,rumba;new-age;level_2;14196;44;https://open.spotify.com/artist/2Z8XcWdgy5dSaiQR3d7tHK;https://i.scdn.co/image/ec51b120aafbc81190bff761ce524db16fcdcfc4
4N2QllXhimLb0W5N3bBeWp;Novamenco;flamenco,flamenco guitar,rumba;new-age;level_2;1743;31;https://open.spotify.com/artist/4N2QllXhimLb0W5N3bBeWp;https://i.scdn.co/image/0ba4b832114a15d36115e0e679e7f7b5bda9ed66
3Hm0ALoGNwQRw9hW9FCNAZ;Benise;flamenco,flamenco guitar,rumba;new-age;level_2;4012;30;https://open.spotify.com/artist/3Hm0ALoGNwQRw9hW9FCNAZ;https://i.scdn.co/image/b8541e7e42fc8382d8548a4c551557f9cb32f669
5oMvKfHAyoVcXM1TkmXw2I;Robert Michaels;flamenco,flamenco guitar,rumba;new-age;level_2;2013;35;https://open.spotify.com/artist/5oMvKfHAyoVcXM1TkmXw2I;https://i.scdn.co/image/1ecf46065f002f155554062c492fe2f746172a0f
2uYKLNEOZuLjpZXOGoAlKJ;Young & Rollins;flamenco,flamenco guitar,rumba;new-age;level_2;1036;26;https://open.spotify.com/artist/2uYKLNEOZuLjpZXOGoAlKJ;https://i.scdn.co/image/5914fa5c8a7f05085a013cd44229f282dc8d18cc
72RlKNzcCZkmb20K5dDwOB;Govi;flamenco,flamenco guitar,new age,rumba;new-age;level_2;11108;45;https://open.spotify.com/artist/72RlKNzcCZkmb20K5dDwOB;https://i.scdn.co/image/a4c65ea8b6882f28f023d6833dd0d0f9985c95f4
0Fpjv1zFT8BPPb94XTi38r;Shahin & Sepehr;flamenco,new age,rumba;new-age;level_2;2412;29;https://open.spotify.com/artist/0Fpjv1zFT8BPPb94XTi38r;https://i.scdn.co/image/e8c28d7a0fb88680440a9e3769ad6fa6353ed086
4hW7U8CsDS56uxAUrpYbYL;Lara & Reyes;flamenco,flamenco guitar,rumba;new-age;level_2;2779;32;https://open.spotify.com/artist/4hW7U8CsDS56uxAUrpYbYL;https://i.scdn.co/image/489ff95207083cf53dcfaff0462d2b53af31458a
5fmyVtmuBaHuvFwRzADKQk;Ottmar Liebert + Luna Negra XL;flamenco,flamenco guitar,rumba;new-age;level_2;544;17;https://open.spotify.com/artist/5fmyVtmuBaHuvFwRzADKQk;
7Fcoty9Sg49oIbgkP0vpjF;Chuscales;flamenco,flamenco guitar,rumba;new-age;level_2;585;26;https://open.spotify.com/artist/7Fcoty9Sg49oIbgkP0vpjF;https://i.scdn.co/image/8b96493515141f979ea9a0aa4ef2e04e0d30b89c
22RhXRp26VapOL50UHhxJH;Pavlo;flamenco guitar,rumba;new-age;level_2;2718;32;https://open.spotify.com/artist/22RhXRp26VapOL50UHhxJH;https://i.scdn.co/image/38566000dab42e8a6539f784d5f7307b340c1ff8
2w6HhORmgt5GnFOXeos06c;Incendio;rumba;new-age;level_2;1589;22;https://open.spotify.com/artist/2w6HhORmgt5GnFOXeos06c;https://i.scdn.co/image/eb35ccc01e412ad631c7b0dd3cc4a1883ceda52e
3Aor3d9WWpyMtyCwXddXvG;Luna Blanca;flamenco,flamenco guitar,rumba;new-age;level_2;1077;29;https://open.spotify.com/artist/3Aor3d9WWpyMtyCwXddXvG;https://i.scdn.co/image/e77124aa225e2406f45ee206db618e9756d9731d
4OYPdvtRCWaLVmUrm1eiTa;Paco Peña;flamenco,flamenco guitar,rumba;new-age;level_2;7616;32;https://open.spotify.com/artist/4OYPdvtRCWaLVmUrm1eiTa;https://i.scdn.co/image/4d8042512d01b59a058638b4b98a6eb1b2d041c8
3VdKqdXjhcYe3LCgs6CCmW;Miguel De La Bastide;flamenco,flamenco guitar,rumba;new-age;level_2;133;25;https://open.spotify.com/artist/3VdKqdXjhcYe3LCgs6CCmW;
5vlAVNve8JwZ2hJq0OvqqE;Behzad;flamenco,flamenco guitar,rumba;new-age;level_2;852;21;https://open.spotify.com/artist/5vlAVNve8JwZ2hJq0OvqqE;https://i.scdn.co/image/b065ba04e4f9ab476eefd2638f21c308c6bdf81b
1UnEeCMhJgy2JrfmNX4v0d;Fiona Joy (Hawkins);new age,new age piano;new-age;level_2;5079;35;https://open.spotify.com/artist/1UnEeCMhJgy2JrfmNX4v0d;https://i.scdn.co/image/0c1079c1ff293a992b31035bbcd11fa90584bb66
18xSLnaLxBTsXjqkVvPzEk;Wayne Gratz;new age,new age piano;new-age;level_2;2647;34;https://open.spotify.com/artist/18xSLnaLxBTsXjqkVvPzEk;https://i.scdn.co/image/980c493397258fcd1c39d15a1ed79077bcf2d6c7
1GQRsXGRflc5s8z3OmeL4z;Joe Bongiorno;new age,new age piano;new-age;level_2;3647;36;https://open.spotify.com/artist/1GQRsXGRflc5s8z3OmeL4z;https://i.scdn.co/image/3789c8d2e2cf59c2920307a1c20176474759765d
6wVdPlEvh9mSllFjsRE7yV;Kostia;new age,new age piano;new-age;level_2;957;26;https://open.spotify.com/artist/6wVdPlEvh9mSllFjsRE7yV;https://i.scdn.co/image/c16f54e43f7602838e5e701483ba5f0e0cf9786e
1Qe7FKIbqmI9dVpblqC8B8;Gary Girouard;new age,new age piano;new-age;level_2;2305;32;https://open.spotify.com/artist/1Qe7FKIbqmI9dVpblqC8B8;https://i.scdn.co/image/0a85fe1df99843053d6e01822ea2857b3e6b4217
1rL7w1UIwu887SlCVYYMJW;Jennifer Thomas;new age,new age piano;new-age;level_2;12697;41;https://open.spotify.com/artist/1rL7w1UIwu887SlCVYYMJW;https://i.scdn.co/image/3189f2666463bc54d93ecc4d7a8b7900f49046dd
2xYSU8vyiMk8S1Nm7CN44t;Michael Dulin;new age,new age piano;new-age;level_2;4074;36;https://open.spotify.com/artist/2xYSU8vyiMk8S1Nm7CN44t;https://i.scdn.co/image/7382b916f4eff164468fff7aaf8d9d3988d70796
6sd3qv6kReAdo6WsLBtXX4;Laraaji;ambient,art pop,art rock,compositional ambient,drone,fluxwork,fourth world;new-age;level_2;13193;52;https://open.spotify.com/artist/6sd3qv6kReAdo6WsLBtXX4;https://i.scdn.co/image/6d119f6242151ce90e6140686a43ebe2075d2334
32pN1An13076I4PTMzn2g7;Arve Henriksen;compositional ambient,contemporary jazz,dark jazz,fourth world,jazz trumpet,norwegian jazz;new-age;level_2;8325;45;https://open.spotify.com/artist/32pN1An13076I4PTMzn2g7;https://i.scdn.co/image/a1f87e5836c38ab0fd79900ab2c21f2b43e6854f
1rFjt7CpwkXN6SB7PjKviq;Jon Balke;contemporary jazz,dark jazz,fourth world,jazz piano,norwegian jazz;new-age;level_2;1545;34;https://open.spotify.com/artist/1rFjt7CpwkXN6SB7PjKviq;https://i.scdn.co/image/c42a29f0a0a03dcc3cbd83e63bce7c189c04b648
7v5E9zviGMsOGHRdMVmhDc;Roedelius;ambient,art rock,compositional ambient,experimental,fourth world,krautrock;new-age;level_2;8512;39;https://open.spotify.com/artist/7v5E9zviGMsOGHRdMVmhDc;https://i.scdn.co/image/f863c48169b6c139765484d4f1251faab2a920de
2oyWkw7sq99yqj12hVUHtw;David Sylvian;art pop,art rock,chamber pop,experimental rock,fourth world,melancholia,new romantic,new wave;new-age;level_2;49214;47;https://open.spotify.com/artist/2oyWkw7sq99yqj12hVUHtw;https://i.scdn.co/image/35114b6df3b5e66561942efff3e89da86b59b018
7JCthCuu5Wmxv2avqVFolo;Roger Eno;ambient,fourth world;new-age;level_2;4465;39;https://open.spotify.com/artist/7JCthCuu5Wmxv2avqVFolo;https://i.scdn.co/image/0ae70972903340161b34b96d65b0aa0e839e25f4
5mNY0NPszdalbrb4ITO3M8;Cluster;acousmatic,ambient,art pop,art rock,canterbury scene,drone,experimental,experimental rock,fourth world,industrial,krautrock,no wave,post-punk;new-age;level_2;17003;38;https://open.spotify.com/artist/5mNY0NPszdalbrb4ITO3M8;https://i.scdn.co/image/0b2d58514a0fac4611f2c302dd054a330aa61dbc
5tRMYUL8PeJlM9hd6pqCPU;Carl Stone;acousmatic,avant-garde,drone,fourth world,free improvisation,glitch,lowercase,mandible,musique concrete,sound art;new-age;level_2;1712;20;https://open.spotify.com/artist/5tRMYUL8PeJlM9hd6pqCPU;https://i.scdn.co/image/cd4680bc2e38d87fde92fa64c24898143f893634
7DnLQaXsqcYkgm0nyDrB3r;Terry Riley;acousmatic,american contemporary classical,avant-garde,compositional ambient,contemporary classical,drone,experimental,fourth world,free improvisation,microtonal,minimal,tzadik;new-age;level_2;28211;45;https://open.spotify.com/artist/7DnLQaXsqcYkgm0nyDrB3r;https://i.scdn.co/image/71d46b8676ee6e2de8a9cce53e0e62f3defe8e37
2rcnAZ6DvORQ365X3zVYpr;Biosphere;abstract,acid house,ambient,compositional ambient,dark jazz,drift,drone,dub techno,electronic,fourth world,intelligent dance music,mandible,microhouse,minimal techno,warm drone;new-age;level_2;37750;47;https://open.spotify.com/artist/2rcnAZ6DvORQ365X3zVYpr;https://i.scdn.co/image/7e7e02c4025dcab8f8e7567116b6bc3f74664393
2DoQBgPsB9AdmWpIa2hUSz;Fennesz;acousmatic,ambient,art pop,art rock,avant-garde,compositional ambient,dark jazz,drone,dub techno,electroacoustic improvisation,electronic,experimental,experimental rock,fourth world,freak folk,glitch,intelligent dance music,j-ambient,mandible,microhouse,post-rock,warm drone;new-age;level_2;25202;42;https://open.spotify.com/artist/2DoQBgPsB9AdmWpIa2hUSz;https://i.scdn.co/image/740c6e7c065659cb9aa069384034b75820ebcd98
4VksGqYn2k7ljivxGwRZ8y;Steve Tibbetts;contemporary jazz,dark jazz,fourth world,jazz guitar;new-age;level_2;2139;37;https://open.spotify.com/artist/4VksGqYn2k7ljivxGwRZ8y;https://i.scdn.co/image/ad400dcec90a2514d6d10d401aeda9cc205583ac
5zeiqAaIiDrjiDch33A2lT;Popol Vuh;acousmatic,ambient,art rock,canterbury scene,drone,experimental,experimental rock,fourth world,industrial,krautrock,new weird america,space rock;new-age;level_2;19031;36;https://open.spotify.com/artist/5zeiqAaIiDrjiDch33A2lT;https://i.scdn.co/image/d9099e350002c4a7c0b5030dd9003aae25e4800e
58nPlJ5CNYu0nGLOuE1Uuk;Holger Czukay;art rock,canterbury scene,experimental,experimental rock,fourth world,krautrock;new-age;level_2;9126;34;https://open.spotify.com/artist/58nPlJ5CNYu0nGLOuE1Uuk;https://i.scdn.co/image/b72b6c37c28d09fdc8f553877a674fb096474fd9
3ND5NWoKzlelYDDyWqSQpQ;Susumu Yokota;abstract,acid house,ambient,art pop,compositional ambient,drill and bass,drone,dub techno,electronic,fourth world,intelligent dance music,j-ambient,microhouse,minimal techno;new-age;level_2;20715;43;https://open.spotify.com/artist/3ND5NWoKzlelYDDyWqSQpQ;https://i.scdn.co/image/a3f1274f864d09e97e5da1be9cb5725bb969c31f
0J8cNhY7V2NoRt9O6uCeUX;GAS;ambient,art pop,compositional ambient,dark jazz,drone,dub techno,electronic,experimental,fluxwork,fourth world,freak folk,intelligent dance music,mandible,microhouse,minimal techno,outsider house,sound art,vaporwave,warm drone;new-age;level_2;14056;40;https://open.spotify.com/artist/0J8cNhY7V2NoRt9O6uCeUX;https://i.scdn.co/image/4ab50de5a10d4c4efaa9a9d4f834a8297362c81c
6u5axd0rpDsWSmzhFfb2VB;William Basinski;ambient,art pop,compositional ambient,dark jazz,drift,drone,dub techno,experimental,fourth world,hauntology,intelligent dance music,j-ambient,mandible,microhouse,post-rock,sound art,warm drone;new-age;level_2;37147;46;https://open.spotify.com/artist/6u5axd0rpDsWSmzhFfb2VB;https://i.scdn.co/image/31790af1a6e9755fb1ad10ba6c7fe2106a702dd3
3ZqRIzadY4WYQEg4Hj2vGC;Robin Guthrie;ambient,compositional ambient,dream pop,drone,fourth world,shoegaze;new-age;level_2;10343;52;https://open.spotify.com/artist/3ZqRIzadY4WYQEg4Hj2vGC;https://i.scdn.co/image/ae02e2afc1a663889c7ce589f1e2c58482a40327
2Swn6We5XXpyDz1YxRkprA;Sarah Davachi;acousmatic,ambient,art pop,avant-garde,canadian experimental,compositional ambient,dark jazz,drone,electra,fluxwork,fourth world,freak folk,free improvisation,mandible,musique concrete,outsider house,sound art,warm drone;new-age;level_2;5354;35;https://open.spotify.com/artist/2Swn6We5XXpyDz1YxRkprA;https://i.scdn.co/image/630d27a07074ee7b069e33a438d341fb2375579e
3U2U4TR03ZuStsizrv0EJB;Klaus Schulze;ambient,fourth world,krautrock,space rock;new-age;level_2;25205;36;https://open.spotify.com/artist/3U2U4TR03ZuStsizrv0EJB;https://i.scdn.co/image/b3bd9c8b5ceb8730596d8fb76031f0061061f815
4jF9GaNGCGBeu2nKqFZ1K0;Basil Poledouris;classic soundtrack,scorecore,soundtrack,video game music;new-age;level_2;16283;46;https://open.spotify.com/artist/4jF9GaNGCGBeu2nKqFZ1K0;https://i.scdn.co/image/365a8d7fbd8bb73c4a523c9d38e2c22110bb73d5
3Hm9DJ7Xa8YgiCAa7MoSiP;Phil Coulter;celtic,new age,operatic pop;new-age;level_2;6413;45;https://open.spotify.com/artist/3Hm9DJ7Xa8YgiCAa7MoSiP;https://i.scdn.co/image/9bcc030338a6579601c2373ee7866a39a3973836
6AnrSlk5Gp1YMXgaI3mWCL;The Chieftains;celtic,irish folk;new-age;level_2;47653;53;https://open.spotify.com/artist/6AnrSlk5Gp1YMXgaI3mWCL;https://i.scdn.co/image/10c02c7866ac0776c3ac4d96ef867c8ef3044525
4qzIpmopZ2KVodpmw7uJKe;Ashra;canterbury scene,experimental,fourth world,krautrock,space rock;new-age;level_2;9292;30;https://open.spotify.com/artist/4qzIpmopZ2KVodpmw7uJKe;https://i.scdn.co/image/f7fe759b9b2ce69a52f2b7be9cf73d4c76e44aa0
5xxvENZLS3w5ZMMLXgCFEe;Scott Cossu;new age,new age piano;new-age;level_2;931;19;https://open.spotify.com/artist/5xxvENZLS3w5ZMMLXgCFEe;https://i.scdn.co/image/73cd0e3a1716fcfa02427949755247d606a880bf
3PJf9tyCBdYvchFXkl8YLF;Michael Gettel;new age;new-age;level_2;1936;32;https://open.spotify.com/artist/3PJf9tyCBdYvchFXkl8YLF;https://i.scdn.co/image/1bc51358280b085b8bd5a7ba2936b3bc33c80c79
6lDzL93VhrZluQ8Rk7OHtY;ØYSTEIN SEVÅG;new age;new-age;level_2;2784;30;https://open.spotify.com/artist/6lDzL93VhrZluQ8Rk7OHtY;https://i.scdn.co/image/77a751f4edd7ce894d165abf92575c995c1136d0
1zbjLh1Lr5kd967Dhf7gzq;Richard Souther;new age;new-age;level_2;780;32;https://open.spotify.com/artist/1zbjLh1Lr5kd967Dhf7gzq;https://i.scdn.co/image/aca70a7f20e23d66853ac2bbc2b7e3671ab4c7e7
7CrDa4z7UgtWJSGLlzyYV8;Harald Kloser;classic soundtrack,epicore,scorecore,soundtrack,video game music;new-age;level_2;3331;42;https://open.spotify.com/artist/7CrDa4z7UgtWJSGLlzyYV8;https://i.scdn.co/image/414c9634e9dff142d0488e6990975e27a66bdea0
0NdNx5JwLDvas2LsMVTSyQ;George Fenton;british soundtrack,scorecore,soundtrack;new-age;level_2;4854;43;https://open.spotify.com/artist/0NdNx5JwLDvas2LsMVTSyQ;https://i.scdn.co/image/384da675f52875f5c3a0f1cb9c09fda5b13a7c6d
6uhyakkTnWoxbEKn9pIc6V;John Ottman;classic soundtrack,epicore,scorecore,soundtrack,video game music;new-age;level_2;13938;46;https://open.spotify.com/artist/6uhyakkTnWoxbEKn9pIc6V;https://i.scdn.co/image/cdbd4c0d0108ba1ea5180c9768281033665520d5
147dKKwnUn9qesNx8uAs3Z;Ilan Eshkeri;british soundtrack,scorecore,soundtrack,video game music;new-age;level_2;6691;45;https://open.spotify.com/artist/147dKKwnUn9qesNx8uAs3Z;https://i.scdn.co/image/0cbd6f5dbb165f7e7a5756c90e9f8f3297e6cff6
68bqsIINo5RFICYwbkChbb;Michael Kamen;classic soundtrack,scorecore,soundtrack,video game music;new-age;level_2;13564;58;https://open.spotify.com/artist/68bqsIINo5RFICYwbkChbb;https://i.scdn.co/image/ceb0c4908defdac2440d73a2bae1ca56b716069c
1joFZGTRER78nUsWtgHCHR;Rachel Portman;british soundtrack,scorecore,soundtrack;new-age;level_2;30203;63;https://open.spotify.com/artist/1joFZGTRER78nUsWtgHCHR;https://i.scdn.co/image/fc4b094ec1cff90cb8b126c4a56cf7ea675f307f
3shMd6Vll0mOcviQ3hrk8m;Randy Edelman;classic soundtrack,scorecore,soundtrack;new-age;level_2;13404;46;https://open.spotify.com/artist/3shMd6Vll0mOcviQ3hrk8m;https://i.scdn.co/image/243d734103c2e022a2aeb7f73de3350c7fc422bd
0s1ec6aPpRZ4DCj15w1EFg;Dario Marianelli;compositional ambient,scorecore,soundtrack,video game music;new-age;level_2;44856;68;https://open.spotify.com/artist/0s1ec6aPpRZ4DCj15w1EFg;https://i.scdn.co/image/7390a60d0952bc2bf22ba4cb7c4f20f8bf6cb597
7yAPsqNhqqsTGsuOSZJg0i;Marco Beltrami;anime score,classic soundtrack,epicore,scorecore,soundtrack,video game music;new-age;level_2;15426;49;https://open.spotify.com/artist/7yAPsqNhqqsTGsuOSZJg0i;https://i.scdn.co/image/c73c6bd0ece37bd7fe7104d6cf963f72e9671a0d
71jzN72g8qWMCMkWC5p1Z0;Alexandre Desplat;french soundtrack,scorecore,soundtrack;new-age;level_2;158434;70;https://open.spotify.com/artist/71jzN72g8qWMCMkWC5p1Z0;https://i.scdn.co/image/68e90b46f42ff43800b23afc87bb662329fcdba0
1FMXF1g4Fz2MWDTogFj9EC;Christopher Young;classic soundtrack,scorecore,soundtrack;new-age;level_2;5178;37;https://open.spotify.com/artist/1FMXF1g4Fz2MWDTogFj9EC;https://i.scdn.co/image/dc5e1d7eb1573900eff8b98984fbd65ddb9469d3
3EAHF3jdnHHdko5DBrhRUP;John Powell;british soundtrack,epicore,scorecore,soundtrack,video game music;new-age;level_2;65100;63;https://open.spotify.com/artist/3EAHF3jdnHHdko5DBrhRUP;https://i.scdn.co/image/d0397d2459edfeeb7a0f45ee5313b7c31f26b7a3
6quKdQHmx2x7FBJwLhmpmB;Gabriel Yared;classic soundtrack,french soundtrack,scorecore,soundtrack;new-age;level_2;10304;52;https://open.spotify.com/artist/6quKdQHmx2x7FBJwLhmpmB;https://i.scdn.co/image/c45b0a312bbdbeb44f8e4e8a10f6d3a76eb4b822
74M3iphMpn1MA2YUe2Iigb;Aaron Zigman;scorecore,soundtrack;new-age;level_2;6025;47;https://open.spotify.com/artist/74M3iphMpn1MA2YUe2Iigb;https://i.scdn.co/image/cfa866d43b60f5ed70dadea6758c30b5350d87b4
7mCsyzq823cXJ5puxUN3aJ;John Debney;classic soundtrack,scorecore,soundtrack;new-age;level_2;13636;52;https://open.spotify.com/artist/7mCsyzq823cXJ5puxUN3aJ;https://i.scdn.co/image/6e9669ab3cda047f4ed76668efa901944a91f225
0Xk15jHKly4c3AhPr5vjoA;Alan Silvestri;scorecore,soundtrack,video game music;new-age;level_2;106324;65;https://open.spotify.com/artist/0Xk15jHKly4c3AhPr5vjoA;https://i.scdn.co/image/4b5404dc1d64c379098aca34b70e21d94ebd05ef
5928hF4c1MriHfAgpFf8ya;Trevor Jones;classic soundtrack,scorecore,soundtrack;new-age;level_2;13613;52;https://open.spotify.com/artist/5928hF4c1MriHfAgpFf8ya;https://i.scdn.co/image/04617e94b39a2ddd6f3050c45d3367460e2d8e76
7H6sziUg6YjKlef45qOv8h;Graeme Revell;bow pop,classic soundtrack,oceania soundtrack,scorecore,soundtrack;new-age;level_2;4687;36;https://open.spotify.com/artist/7H6sziUg6YjKlef45qOv8h;https://i.scdn.co/image/3b1d8747342ea87b2d791fe97ea1a6dc43fd35b3
1PGSb2wgymZeNTUYqnOxyq;Edward Shearmur;british soundtrack,soundtrack;new-age;level_2;2458;40;https://open.spotify.com/artist/1PGSb2wgymZeNTUYqnOxyq;https://i.scdn.co/image/891a53ac1a8fffa7c9a25accc9b36ec0475c4dda
1LI9iEq0loU9cdIa1dxVDj;Paul Horn;meditation,native american;new-age;level_2;2962;31;https://open.spotify.com/artist/1LI9iEq0loU9cdIa1dxVDj;https://i.scdn.co/image/1e3226f2a76ab672755e343cdf0a9dc6bce8ffe5
6duM9l1NUKDA4l3awIC6tw;AH*NEE*MAH;healing,native american,new age;new-age;level_2;5990;34;https://open.spotify.com/artist/6duM9l1NUKDA4l3awIC6tw;https://i.scdn.co/image/497bed429cfa17decc446234e99c3875bcc44ef8
0LzOTqAYfLa6nwqaMZO4FA;Dennis McCarthy;classic soundtrack,scorecore,soundtrack,theme;new-age;level_2;2435;33;https://open.spotify.com/artist/0LzOTqAYfLa6nwqaMZO4FA;https://i.scdn.co/image/06615113e8f394ced15059e179cecfb675cf9b3b
5f65bb50eWlg1WQkfHangF;Enam;healing,new age;new-age;level_2;2056;22;https://open.spotify.com/artist/5f65bb50eWlg1WQkfHangF;https://i.scdn.co/image/e85d05380a486c9ff16f527f7a663d96f85c639d
66WDKSwxakWhJ1Fx50swGo;Gandalf;new age;new-age;level_2;3576;32;https://open.spotify.com/artist/66WDKSwxakWhJ1Fx50swGo;https://i.scdn.co/image/87560fafdd70531dbf7273e520fb469265fe890b
0nGVcywnIqgGsLUuMwOP4s;John Adorney;healing,new age,rumba;new-age;level_2;2125;34;https://open.spotify.com/artist/0nGVcywnIqgGsLUuMwOP4s;https://i.scdn.co/image/653e140e523ac43428a7eb5b5e311d337ced068c
2KzVgYTv0pX7BFDJ7dzLsK;Australis;healing,new age;new-age;level_2;2454;23;https://open.spotify.com/artist/2KzVgYTv0pX7BFDJ7dzLsK;https://i.scdn.co/image/55526f01c0cb2b9f5079e840946f49a6f86c8af1
6XsmtDHcToIhgNryYhXnSr;Dagda;new age;new-age;level_2;3486;25;https://open.spotify.com/artist/6XsmtDHcToIhgNryYhXnSr;https://i.scdn.co/image/5ee7c35a04b2644e117bf7d1fec26178860ebfd4
3IT9wOWTOtqMLtpg49K7Lk;Tim Janis;new age,new age piano,operatic pop;new-age;level_2;5651;42;https://open.spotify.com/artist/3IT9wOWTOtqMLtpg49K7Lk;https://i.scdn.co/image/c9843a53e5f833efe08bb6279467bc4ac10048bb
1Eouxp32e6g0kgvuG5YNBO;Robin Spielberg;christian relaxative,classify,focus,new age,new age piano;new-age;level_2;6296;57;https://open.spotify.com/artist/1Eouxp32e6g0kgvuG5YNBO;https://i.scdn.co/image/3c5094c3525674d6a465eeb6600d510896848bfe
5BcEbeQq5n2fz8HbhI9CWU;Emile Pandolfi;classify,new age piano;new-age;level_2;15082;54;https://open.spotify.com/artist/5BcEbeQq5n2fz8HbhI9CWU;https://i.scdn.co/image/17a18ae3c1b1f5c2f4cdc1d0e9badae52801d4a3
2TDLqEjKk2G6gjxJ0hjjbI;Thad Fiscella;christian relaxative,classify,focus,new age,new age piano;new-age;level_2;4693;56;https://open.spotify.com/artist/2TDLqEjKk2G6gjxJ0hjjbI;https://i.scdn.co/image/f1ccb6b866ac24005104233f834a1e5a8c1df9b9
3Be0FxZRoCJ8UPrkwe6Xuw;Stan Whitmire;christian relaxative,classify,new age piano;new-age;level_2;4111;50;https://open.spotify.com/artist/3Be0FxZRoCJ8UPrkwe6Xuw;https://i.scdn.co/image/94f4deaf6a8567b80cc1271d74e8d075e2c928b3
72Nhcx7prNk2ZCxhx0Y5es;Amy Grant;adult standards,ccm,christian alternative rock,christian music,christmas;new-age;level_2;92958;65;https://open.spotify.com/artist/72Nhcx7prNk2ZCxhx0Y5es;https://i.scdn.co/image/dcea80bdd3df02a3759b699c8ac9bb3f4d619c5c
4BwYc3IW3uR0WjyDCLqXPR;Burning Sky;environmental,meditation,native american;new-age;level_2;1212;21;https://open.spotify.com/artist/4BwYc3IW3uR0WjyDCLqXPR;https://i.scdn.co/image/c4d206d4dd76f8ca0145149360fcc0e944c65372
3MrlGi7epLyRUbC9F6p3XQ;Alice Gomez;environmental,meditation,native american;new-age;level_2;866;27;https://open.spotify.com/artist/3MrlGi7epLyRUbC9F6p3XQ;https://i.scdn.co/image/76ca46c5deb44947e30d864aa117247af3ff1a10
6m1FJ6QgwWWl11vk6mkEI0;Peter Phippen;healing,native american;new-age;level_2;878;41;https://open.spotify.com/artist/6m1FJ6QgwWWl11vk6mkEI0;https://i.scdn.co/image/4a196bce03d1559dfa8bad4681235f264281d053
3lb2w8abPlM4NK4dS7upLb;Spencer Brewer;new age,new age piano;new-age;level_2;991;29;https://open.spotify.com/artist/3lb2w8abPlM4NK4dS7upLb;https://i.scdn.co/image/af1d25cceefa118ac28cc4df48d8c64fc76e0ee4
01jomWddryZVW9Gqj0KNfG;Ira Stein;new age piano;new-age;level_2;605;22;https://open.spotify.com/artist/01jomWddryZVW9Gqj0KNfG;https://i.scdn.co/image/8ef71b6fafbe6e9c847f41a483c2f17b1a27fd56
3t0v2PRYA41acAC7z17tSm;3rd Force;rumba,smooth jazz;new-age;level_2;6967;39;https://open.spotify.com/artist/3t0v2PRYA41acAC7z17tSm;https://i.scdn.co/image/52f91bd8c4136ee694e167981929430aff11d375
4siC0n7Bs9OzoZlB1HKquS;Peter White;jazz funk,rumba,smooth jazz;new-age;level_2;37955;53;https://open.spotify.com/artist/4siC0n7Bs9OzoZlB1HKquS;https://i.scdn.co/image/02e145719c1eda53e7ab240b6c523e7d92b5f4e0
0EpJxgZJDz8YV7MKsTr0Ls;Marc Antoine;rumba,smooth jazz;new-age;level_2;16083;43;https://open.spotify.com/artist/0EpJxgZJDz8YV7MKsTr0Ls;https://i.scdn.co/image/080cda6a33bfdd304ddbc9a3b722b94504cfd90c
1aO9NulHwrE9pxHXFfCIoM;Anouar Brahem;arab folk,contemporary jazz,fourth world,oud,world fusion;new-age;level_2;28213;48;https://open.spotify.com/artist/1aO9NulHwrE9pxHXFfCIoM;https://i.scdn.co/image/ffba7f9c82928af41471457bbdf94727e95ef01c
5qQyBIUGDM3QvXlTIo7puq;David Darling;bow pop,fourth world;new-age;level_2;5302;44;https://open.spotify.com/artist/5qQyBIUGDM3QvXlTIo7puq;https://i.scdn.co/image/939c992a19e5dfeae97a542c3d8dff7043524657
3gOdqjhBRr5vxK85vY7on0;Vassilis Tsabropoulos;arab folk,contemporary jazz,dark jazz,fourth world,norwegian jazz;new-age;level_2;2967;38;https://open.spotify.com/artist/3gOdqjhBRr5vxK85vY7on0;https://i.scdn.co/image/e464b5ceb8c1f4f417a5da8d66d28788129ac708
5THaOlI8Qr3Za3FD6FnWvK;John Surman;avant-garde jazz,british jazz,contemporary jazz,contemporary post-bop,dark jazz,fourth world,free jazz,jazz saxophone;new-age;level_2;6941;37;https://open.spotify.com/artist/5THaOlI8Qr3Za3FD6FnWvK;https://i.scdn.co/image/1afc639795839a6be5c4f41b2a78bdc006c03a67
4puHZxpgNVKxk6ydFviSM8;Trygve Seim;contemporary jazz,dark jazz,fourth world,german jazz,italian jazz,jazz saxophone,norwegian jazz;new-age;level_2;1961;46;https://open.spotify.com/artist/4puHZxpgNVKxk6ydFviSM8;https://i.scdn.co/image/914614eb529d5774d9f0a30576cb266e2e76de54
75nUDbtfJzGVqs6fOmSXhx;Misha Alperin;contemporary jazz,fourth world,norwegian jazz;new-age;level_2;1333;16;https://open.spotify.com/artist/75nUDbtfJzGVqs6fOmSXhx;https://i.scdn.co/image/f054aecf39a909a77b871856f9d4148196b46766
5UefiThiZ352HWMOgZvOhx;Dhafer Youssef;arab folk,contemporary jazz,fourth world,oud,world,world fusion;new-age;level_2;36951;44;https://open.spotify.com/artist/5UefiThiZ352HWMOgZvOhx;https://i.scdn.co/image/7b431e24de2142a72c1fd68e55f4a0a21ad5c87b
1XNQGT010JcXsJIbUE6j4m;Arild Andersen;contemporary jazz,dark jazz,fourth world,jazz double bass,norwegian jazz;new-age;level_2;4174;34;https://open.spotify.com/artist/1XNQGT010JcXsJIbUE6j4m;https://i.scdn.co/image/4db15f5f81a7cb2d540fd0c57210a15e3de97237
3OjcHir4Q8ERzefXtMU1ph;Ketil Bjørnstad;contemporary jazz,dark jazz,fourth world,jazz piano,norwegian jazz;new-age;level_2;8962;36;https://open.spotify.com/artist/3OjcHir4Q8ERzefXtMU1ph;https://i.scdn.co/image/07896bee123958fc88678654b2e517360f2ad9ac
2BPSfZHtSYon5DKvp95xXT;Eberhard Weber;contemporary jazz,dark jazz,fourth world,german jazz,jazz double bass,jazz fusion,norwegian jazz;new-age;level_2;5188;44;https://open.spotify.com/artist/2BPSfZHtSYon5DKvp95xXT;https://i.scdn.co/image/1adbfe914116ffc8891edf77626b0469923f192b
4f0jv2Efskq0AdTlziV5nj;Sinikka Langeland;fourth world;new-age;level_2;850;14;https://open.spotify.com/artist/4f0jv2Efskq0AdTlziV5nj;https://i.scdn.co/image/9aafa8dfceb0122364b0dae70cd9a0c69eb304c5
3EFzYPEP2mCQoqcLjoWwK1;Terje Rypdal;contemporary jazz,contemporary post-bop,dark jazz,fourth world,jazz fusion,jazz guitar,norwegian experimental,norwegian jazz;new-age;level_2;6494;32;https://open.spotify.com/artist/3EFzYPEP2mCQoqcLjoWwK1;https://i.scdn.co/image/741d62fabc389b7b00a37af31804e33b2f2934e0
3I47W6SIIS24cECbGOeakB;Bernward Koch;healing,new age,operatic pop,rumba;new-age;level_2;4633;56;https://open.spotify.com/artist/3I47W6SIIS24cECbGOeakB;https://i.scdn.co/image/95cb6238ecfdd322d0ee2100c98831d37e8130ef
635C1HtnImhFBESyPWAdWQ;Hilary Stagg;healing,new age;new-age;level_2;2630;33;https://open.spotify.com/artist/635C1HtnImhFBESyPWAdWQ;https://i.scdn.co/image/e89d6cbe4eace9df4f51234b85aae62cce52759d
3bR26OG0nJ6u3k1lkd4RWO;Gary Stadler;healing,new age;new-age;level_2;2917;37;https://open.spotify.com/artist/3bR26OG0nJ6u3k1lkd4RWO;https://i.scdn.co/image/b4b027c7c06ae7f3d56d5867305a054aef6f1842
7xwtpo11n9GHMFZUg2kLJK;Michael Hoppé;healing,new age;new-age;level_2;3244;48;https://open.spotify.com/artist/7xwtpo11n9GHMFZUg2kLJK;https://i.scdn.co/image/429a9a6fa82fae0410843cd460bfe8241a554ce8
0Tr6rq2Mxqp18nD7UKSNJi;Daniel Kobialka;healing,new age;new-age;level_2;1096;34;https://open.spotify.com/artist/0Tr6rq2Mxqp18nD7UKSNJi;https://i.scdn.co/image/d6b8b2d617ea2975bae5a8962001131e0398b9c7
5s35MWEbQRtTObpESta73a;Constance Demby;ambient,healing,meditation,new age;new-age;level_2;3898;32;https://open.spotify.com/artist/5s35MWEbQRtTObpESta73a;https://i.scdn.co/image/8398d4b87a50353cf1e4a62c96228db82016a35c
7zW6wPmVLv4JDJM271gbFc;Wim Mertens;belgian contemporary classical,compositional ambient,minimal;new-age;level_2;52824;50;https://open.spotify.com/artist/7zW6wPmVLv4JDJM271gbFc;https://i.scdn.co/image/c910993517c5ff32423223db167e8f0d197df2ef
1aVONoJ0EM97BB26etc1vo;Steve Reich;ambient,american contemporary classical,avant-garde,classical,compositional ambient,contemporary classical,drone,experimental,fourth world,minimal;new-age;level_2;106930;51;https://open.spotify.com/artist/1aVONoJ0EM97BB26etc1vo;https://i.scdn.co/image/812c94f9b6504d0036c2691c66bc4ef1abb2dbfd
39nJA4NmdZE5sJecB0zjXY;Balanescu Quartet;bow pop,compositional ambient,fourth world,string quartet;new-age;level_2;9437;37;https://open.spotify.com/artist/39nJA4NmdZE5sJecB0zjXY;https://i.scdn.co/image/495387c9866f74ca3da0579940f1044bb3255264
0M6xcJTswOl2qvExCJhiS3;Kronos Quartet;bow pop,classical performance,compositional ambient,fourth world,modern performance,string quartet;new-age;level_2;53473;56;https://open.spotify.com/artist/0M6xcJTswOl2qvExCJhiS3;https://i.scdn.co/image/affc440384828ab8a68e9cee683507f4fc8a21ce
1xU7tQkYahN1eWbgEzoure;Penguin Cafe;compositional ambient;new-age;level_2;8318;39;https://open.spotify.com/artist/1xU7tQkYahN1eWbgEzoure;https://i.scdn.co/image/7c043ce751f6dcc49fc27261e71d705c7b5b6934
69lxxQvsfAIoQbB20bEPFC;Philip Glass;american contemporary classical,classical,compositional ambient,contemporary classical,drone,fourth world,minimal,soundtrack;new-age;level_2;302329;66;https://open.spotify.com/artist/69lxxQvsfAIoQbB20bEPFC;https://i.scdn.co/image/613457b1d7603f27d2ffc2935142c86eb1d2ba43
7HvQfRNJCvPXTVirKKB0Nn;Moondog;bow pop,compositional ambient,experimental,fourth world,free jazz,laboratorio,outsider;new-age;level_2;45685;45;https://open.spotify.com/artist/7HvQfRNJCvPXTVirKKB0Nn;https://i.scdn.co/image/a00af63941ac5ce11c5784d9c2669227183c2f55
5hqB3Fxgin9YGYa0mIGf1G;Laurie Anderson;art pop,art rock,bow pop,experimental,experimental pop,fourth world,laboratorio;new-age;level_2;44332;44;https://open.spotify.com/artist/5hqB3Fxgin9YGYa0mIGf1G;https://i.scdn.co/image/f79b335303a1048d83de8543cd54eb4254f3e518
0mOPHkTHaD6cFTMODNBxA3;Colleen;ambient,art pop,compositional ambient,dark jazz,drone,electra,experimental pop,fourth world,freak folk,new weird america,warm drone;new-age;level_2;21262;45;https://open.spotify.com/artist/0mOPHkTHaD6cFTMODNBxA3;https://i.scdn.co/image/62c02d2d31b945753a8fc3dc20a2513feec13490
5iksmHDN2qZQcgFfXqIXtT;Robert Wyatt;art rock,british folk,canterbury scene,experimental,experimental rock,fourth world,free jazz,no wave,psychedelic rock,zolo;new-age;level_2;32230;41;https://open.spotify.com/artist/5iksmHDN2qZQcgFfXqIXtT;https://i.scdn.co/image/fb291bcfb77f45d144a3a5a5fb7a1177ae90ec70
3haVJx9TUcufYl1rPyH0iv;Peter Broderick;ambient,chamber pop,compositional ambient,focus,fourth world;new-age;level_2;42124;59;https://open.spotify.com/artist/3haVJx9TUcufYl1rPyH0iv;https://i.scdn.co/image/af764766de0b72634054a6d28f65bb279cbb5ab0
400JXdqRhBKf0A6qNoLCSJ;Bruce Brubaker;classical piano,compositional ambient,fourth world;new-age;level_2;8008;54;https://open.spotify.com/artist/400JXdqRhBKf0A6qNoLCSJ;https://i.scdn.co/image/97a73b25c43fab5e5e68a579f92753e182eeedec
7fh7bwX9qV60tLxxsp9bTe;The Durutti Column;art pop,art rock,chamber psych,dance rock,dream pop,experimental,experimental rock,fourth world,new wave,no wave,post-punk,shoegaze,slow core,uk post-punk;new-age;level_2;28826;47;https://open.spotify.com/artist/7fh7bwX9qV60tLxxsp9bTe;https://i.scdn.co/image/a6e0f4f2a3ad5b1785255b5d1a0a1b9a2987137f
5MWBg16f5UYiaSlyVhzlIW;John Cale;alternative rock,art pop,art rock,canterbury scene,chamber pop,country rock,dance rock,experimental,experimental rock,folk,folk rock,fourth world,lo-fi,melancholia,neo-psychedelic,new wave,no wave,post-punk,protopunk,psychedelic rock,pub rock,roots rock,singer-songwriter,slow core,traditional folk,uk post-punk;new-age;level_2;68920;50;https://open.spotify.com/artist/5MWBg16f5UYiaSlyVhzlIW;https://i.scdn.co/image/966330c75c8734e0d0c206c641f409bdebc38eb1
2LvhyFvUCDJ7gFuEBOcrM8;Michael Nyman;bow pop,british contemporary classical,british soundtrack,compositional ambient,minimal,soundtrack;new-age;level_2;125305;56;https://open.spotify.com/artist/2LvhyFvUCDJ7gFuEBOcrM8;https://i.scdn.co/image/0a1865649e26dc7d377e4d16447a6e785f0b781d
3iJJD5v7oIFUevW4N5w5cj;Arthur Russell;ambient,art pop,art rock,cello,dance rock,dream pop,drone,experimental,experimental rock,fourth world,freak folk,lo-fi,minimal,neo-psychedelic,new weird america,no wave,noise pop,post-punk,preverb,slow core;new-age;level_2;45870;49;https://open.spotify.com/artist/3iJJD5v7oIFUevW4N5w5cj;https://i.scdn.co/image/35d712df77e430f91fe2dcd84f3d74ca8e947415
43Ybg5x9TrGovf70jSMzah;Louis Landon;christian relaxative,classify,focus,new age,new age piano;new-age;level_2;2274;51;https://open.spotify.com/artist/43Ybg5x9TrGovf70jSMzah;https://i.scdn.co/image/89d88a52c5ce6be4da8649b42fda011ce1dc8bef
4uo8Bp99zyj8HQW1ynweoY;Vicente Amigo;flamenco,flamenco guitar,rumba;new-age;level_2;46806;52;https://open.spotify.com/artist/4uo8Bp99zyj8HQW1ynweoY;https://i.scdn.co/image/667373430783439ae729002adad4e025c6a89f81
1xXeCuBqlolNerPfPVxxvV;Gino D'Auri;flamenco,flamenco guitar,rumba;new-age;level_2;816;16;https://open.spotify.com/artist/1xXeCuBqlolNerPfPVxxvV;https://i.scdn.co/image/be00012672bdea5d60a6894327ba8d54c77cb53f
05CtSSkijtaH2lcVDI8ieJ;Joseph Akins;new age,new age piano;new-age;level_2;1481;30;https://open.spotify.com/artist/05CtSSkijtaH2lcVDI8ieJ;https://i.scdn.co/image/350fff9f891aee12fe0c7879b887e3906ada7418
6ajp0mepNWwjGZ9ivlqqaT;Jan A.P. Kaczmarek;scorecore,soundtrack;new-age;level_2;12275;47;https://open.spotify.com/artist/6ajp0mepNWwjGZ9ivlqqaT;https://i.scdn.co/image/5e8246baf6a977fba1482b6e4bd4d72aec1c9f94
02qXVbvAMyWhdHb2GfUcXM;Marc Streitenfeld;epicore,german soundtrack,scorecore,soundtrack,video game music;new-age;level_2;10323;44;https://open.spotify.com/artist/02qXVbvAMyWhdHb2GfUcXM;https://i.scdn.co/image/8acc863aba193a12dcfad7e4ba7e6a3221a93ce0
1csBgT42N4pPPs1HJhxXIK;Thomas Newman;scorecore,soundtrack;new-age;level_2;122514;67;https://open.spotify.com/artist/1csBgT42N4pPPs1HJhxXIK;https://i.scdn.co/image/4ea9ac3e48d74698135fa2b2f268719566091978
63Cqun2Sv18L3vXIapd9iW;Stephen Warbeck;british soundtrack,scorecore,soundtrack;new-age;level_2;1871;52;https://open.spotify.com/artist/63Cqun2Sv18L3vXIapd9iW;https://i.scdn.co/image/88a2856c11bb4fb3719208f60535bdce0516ee1a
1eEkeLJTVHWDrxBDf6xuVh;Roque Baños;latin soundtrack,scorecore,soundtrack;new-age;level_2;3508;41;https://open.spotify.com/artist/1eEkeLJTVHWDrxBDf6xuVh;https://i.scdn.co/image/52657887980c88089988c4c15725cc6a2ec56a14
0cM9EbovGFwSQlWjgHmdGd;Nick Glennie-Smith;british soundtrack,classic soundtrack,epicore,scorecore,soundtrack,video game music;new-age;level_2;4588;54;https://open.spotify.com/artist/0cM9EbovGFwSQlWjgHmdGd;https://i.scdn.co/image/ce1b2557b1843144d9aadc1f7a71a48f348b93a6
3aTJxwDLCqCNvjrG7USP1a;Tord Gustavsen Trio;contemporary jazz,dark jazz,fourth world,jazz trio,norwegian jazz,swedish jazz;new-age;level_2;6905;49;https://open.spotify.com/artist/3aTJxwDLCqCNvjrG7USP1a;https://i.scdn.co/image/0bc47598f8106e1697b7864f2e6560c70e8a29cc
4sb3Y6tcQku2jQucdzx8PM;Marilyn Mazur;fourth world,jazz drums;new-age;level_2;1476;32;https://open.spotify.com/artist/4sb3Y6tcQku2jQucdzx8PM;https://i.scdn.co/image/45ff2f1e53a82d4036b8766ffff0809fe67aacb6
1BKStidrseaPjyjQjL3yxV;Bobo Stenson Trio;contemporary jazz,contemporary post-bop,dark jazz,fourth world,jazz trio,norwegian jazz,swedish jazz;new-age;level_2;3625;46;https://open.spotify.com/artist/1BKStidrseaPjyjQjL3yxV;https://i.scdn.co/image/202f949313bde18cbf1b863999784db314b3c008
4HVFb71ZSXO6nRMk2pdPsy;Manu Katché;contemporary jazz,dark jazz,fourth world,jazz drums,jazz fusion;new-age;level_2;11652;39;https://open.spotify.com/artist/4HVFb71ZSXO6nRMk2pdPsy;https://i.scdn.co/image/647d51291f81b85d4d2c09f512162b9f63efd5cb
2r1f1zkIjuQ7ETeJHsXpsc;Nils Petter Molvær;contemporary jazz,dark jazz,fourth world,jazz trumpet,norwegian jazz,nu jazz;new-age;level_2;16308;39;https://open.spotify.com/artist/2r1f1zkIjuQ7ETeJHsXpsc;https://i.scdn.co/image/e9e195ff617beebcc3aa4e80c0f5e7ef0e2af52d
6emZIO62oAXpIGiplDApwJ;Mathias Eick;contemporary jazz,dark jazz,fourth world,jazz trumpet,norwegian jazz;new-age;level_2;4870;40;https://open.spotify.com/artist/6emZIO62oAXpIGiplDApwJ;https://i.scdn.co/image/78b5aa86dae46856b5ea2503e28356b37040f0af
6JIbdXrERgmH6Hn8mmjfUR;Maire Brennan;celtic,new age;new-age;level_2;10085;49;https://open.spotify.com/artist/6JIbdXrERgmH6Hn8mmjfUR;https://i.scdn.co/image/b259e7e3e2e2bc4c609bc5042026da03c2fbebf0
0tmwQE8ei6AHKnPrMc9Ib5;Capercaillie;celtic,celtic rock,scottish folk,scottish gaelic folk;new-age;level_2;15771;37;https://open.spotify.com/artist/0tmwQE8ei6AHKnPrMc9Ib5;https://i.scdn.co/image/a40b8f9dc05fc606607d7777e206101154d6cb94
59OUpsEQlEUXDHVEOPQ7sC;Anúna;celtic;new-age;level_2;17882;45;https://open.spotify.com/artist/59OUpsEQlEUXDHVEOPQ7sC;https://i.scdn.co/image/b5905a5968a25f7be246aefc1ea7c29609594645
4PTFicq1simzGN1b0H1oA6;Mary McLaughlin;celtic;new-age;level_2;3308;27;https://open.spotify.com/artist/4PTFicq1simzGN1b0H1oA6;https://i.scdn.co/image/b00e0d18ecff93874359ca909c07690b07bd6762
6koEjb4607APXtFtjxvA5T;Altan;celtic,celtic rock,irish folk,irish neo-traditional;new-age;level_2;13479;43;https://open.spotify.com/artist/6koEjb4607APXtFtjxvA5T;https://i.scdn.co/image/5e22e329f899a039dbab2920dece9f68f1f6717c
0nBRo87bTZegzYDnIiWkH7;Méav;celtic,operatic pop;new-age;level_2;5512;31;https://open.spotify.com/artist/0nBRo87bTZegzYDnIiWkH7;https://i.scdn.co/image/3b0bbcbd510c74ccb8049adf4e4510765f500f82
4BYRoEELmbGIm7kA6BJatM;Aine Minogue;celtic,new age,string folk;new-age;level_2;3047;40;https://open.spotify.com/artist/4BYRoEELmbGIm7kA6BJatM;https://i.scdn.co/image/ce082711374e114626926c680e3ee2343ccd4183
25W55yzID8F5bRKG8Zg2IA;Mary Black;celtic,irish folk;new-age;level_2;20796;46;https://open.spotify.com/artist/25W55yzID8F5bRKG8Zg2IA;https://i.scdn.co/image/79b72d38c7dc08fad1e42e30fb071de2f8543163
3h8OjAdgYXVRoMZ8jFd6Uw;Paco de Lucía;cuban rumba,flamenco,flamenco guitar,rumba;new-age;level_2;227463;56;https://open.spotify.com/artist/3h8OjAdgYXVRoMZ8jFd6Uw;https://i.scdn.co/image/280b33749190ccbe8d584ada580e693dba1142ae
5MnhtFXEfqi637k6NfKuZI;Camaron De La Isla;flamenco,flamenco guitar,rumba;new-age;level_2;149501;54;https://open.spotify.com/artist/5MnhtFXEfqi637k6NfKuZI;https://i.scdn.co/image/c74a7c6af1994264731394e587101dd384259d33
7vX3cMVyW8gtDA4y855ynF;Rodrigo y Gabriela;flamenco,rumba,world;new-age;level_2;238190;56;https://open.spotify.com/artist/7vX3cMVyW8gtDA4y855ynF;https://i.scdn.co/image/12675027257c69d82b32e69855534f5155a36bc1
7mLYMGXg84miYydKwi2aRi;Diego El Cigala;flamenco,flamenco guitar,rumba;new-age;level_2;128561;54;https://open.spotify.com/artist/7mLYMGXg84miYydKwi2aRi;https://i.scdn.co/image/e96dc2f08b954ae8e3b57cd984c2b4283036b0a4
7CGoeI1N9WOQ5oZkgunru7;Sabicas;flamenco,flamenco guitar,rumba;new-age;level_2;6723;33;https://open.spotify.com/artist/7CGoeI1N9WOQ5oZkgunru7;https://i.scdn.co/image/912e2ac3da1e1642d4cd47e82339cf6204923fac
7p5J8SfKU9Rulp7tcA53G8;Jose Merce;flamenco,flamenco guitar,rumba;new-age;level_2;77162;51;https://open.spotify.com/artist/7p5J8SfKU9Rulp7tcA53G8;https://i.scdn.co/image/1177179f8fb8660a5acb68d78dfc39967e4967a5
5s9GgX51pD0YhcsQRSYlpF;Ketama;cantautor,flamenco,flamenco guitar,rumba,spanish pop;new-age;level_2;47459;47;https://open.spotify.com/artist/5s9GgX51pD0YhcsQRSYlpF;https://i.scdn.co/image/bbc411fdf90bff39fba5dbdf2cc67198bbfa1498
11kBu957KTYoAltZHDm8gW;Buena Vista Social Club;latin jazz,world;new-age;level_2;554059;65;https://open.spotify.com/artist/11kBu957KTYoAltZHDm8gW;https://i.scdn.co/image/9542d171203522de67c83f0deaf855519b3c4438
7EbSS8L1ZtVfwiMz40F1MI;Chico & The Gypsies;rumba;new-age;level_2;6080;40;https://open.spotify.com/artist/7EbSS8L1ZtVfwiMz40F1MI;https://i.scdn.co/image/cecf5cf09eb34389383ce3662d9b5fceb6e462f6
2qhLqZ1pkiUl5HNrU2Nz0R;Chambao;flamenco,rumba,spanish pop;new-age;level_2;221499;52;https://open.spotify.com/artist/2qhLqZ1pkiUl5HNrU2Nz0R;https://i.scdn.co/image/e2fcf464e363810c04aa3206f4c6dc771b66af6a
6UelqIK8qwhWFc2f6nSEh8;Niña Pastori;flamenco,spanish pop;new-age;level_2;274714;65;https://open.spotify.com/artist/6UelqIK8qwhWFc2f6nSEh8;https://i.scdn.co/image/7f7cc7a826404fcb8900930f0266abac6068e7d9
1gbXoccc8bjK8eUh92mILy;Buika;flamenco;new-age;level_2;148630;51;https://open.spotify.com/artist/1gbXoccc8bjK8eUh92mILy;https://i.scdn.co/image/d3a8e7cf732a8f495cd6863d633770ea69141e53
6YZOLlgZ38qVDSxVv9xg0G;Manzanita;flamenco,rumba;new-age;level_2;47196;44;https://open.spotify.com/artist/6YZOLlgZ38qVDSxVv9xg0G;https://i.scdn.co/image/c56b9f8531801a0f8ed3fc40629ec5c69774f675
63Bilw49Uv4s2wnovytDVU;Boubacar Traoré;afropop,mande pop,world;new-age;level_2;18848;41;https://open.spotify.com/artist/63Bilw49Uv4s2wnovytDVU;https://i.scdn.co/image/938321ee49b4f4b1ea07acd951db8a497f6c664a
2sf2owtFSCvz2MLfxmNdkb;Tinariwen;afrobeat,afropop,desert blues,gnawa,mande pop,world;new-age;level_2;112239;50;https://open.spotify.com/artist/2sf2owtFSCvz2MLfxmNdkb;https://i.scdn.co/image/f9899cb3a2d76e91d05f57f33d58630bd98e3d5a
6CFWXwqEBUi0UFoIIxmg9h;Cheikh Lô;afrobeat,afropop,highlife,mande pop,mbalax,morna,world;new-age;level_2;16133;39;https://open.spotify.com/artist/6CFWXwqEBUi0UFoIIxmg9h;https://i.scdn.co/image/7071cd82fde0ee323068e15673b78a9ca4e4521e
7xT0arvCDupDU1YYy0BNv9;Orchestra Baobab;afrobeat,afropop,chicha,mande pop,world;new-age;level_2;46537;50;https://open.spotify.com/artist/7xT0arvCDupDU1YYy0BNv9;https://i.scdn.co/image/9209cd6edea4481e14b35e40f47e033c7c030c14
2nCACYdIndYchzX4bxLcTW;Toumani Diabaté;afropop,desert blues,mande pop,world;new-age;level_2;31247;57;https://open.spotify.com/artist/2nCACYdIndYchzX4bxLcTW;https://i.scdn.co/image/6fd130f0ac7fdf963b092450e721d89ba79b8a0f
4PmxbsWP1u0TnvqcrIA9ze;Vieux Farka Touré;afropop,mande pop,world;new-age;level_2;15314;36;https://open.spotify.com/artist/4PmxbsWP1u0TnvqcrIA9ze;https://i.scdn.co/image/dd4727003fd07e6cf3e8f49699838373141c5187
6sz0k1q2aEtG5dxEgr4YWV;Rokia Traoré;afropop,mande pop,world;new-age;level_2;45762;44;https://open.spotify.com/artist/6sz0k1q2aEtG5dxEgr4YWV;https://i.scdn.co/image/42576d4f95befea9cca1ec7cb72d5b37460ebefb
0VVnWF3KNaa5O7ESohKhAx;Salif Keita;afropop,mande pop,world;new-age;level_2;54821;50;https://open.spotify.com/artist/0VVnWF3KNaa5O7ESohKhAx;https://i.scdn.co/image/ddf84e474dc8b7d46f42da3d44fbdcd2d92912dd
3KH7WsR2JZQ94Ik8SyabU6;Amadou & Mariam;afropop,mande pop,world;new-age;level_2;90946;52;https://open.spotify.com/artist/3KH7WsR2JZQ94Ik8SyabU6;https://i.scdn.co/image/79c7bf83c630bfe8e3ac1781f11f9df1ca2a9fc4
2laFwNRffMM18LvKKDxCs9;Habib Koité;afropop,mande pop,world;new-age;level_2;28238;42;https://open.spotify.com/artist/2laFwNRffMM18LvKKDxCs9;https://i.scdn.co/image/3f88665c20ad900c3502e0782a9fbf0b8708b499
65CKKZilbcSKkAPC9a5Mvh;Oumou Sangaré;afrobeat,afropop,mande pop,world;new-age;level_2;35270;46;https://open.spotify.com/artist/65CKKZilbcSKkAPC9a5Mvh;https://i.scdn.co/image/08d0f47ef385f71f001a8c0491acc0ba5fb9e15f
49z6oAiD2RpyUf5yLJs7Nf;Baaba Maal;afropop,desert blues,mande pop,world;new-age;level_2;30151;58;https://open.spotify.com/artist/49z6oAiD2RpyUf5yLJs7Nf;https://i.scdn.co/image/be3e2133794cd41e70461c96936529f0d77badb2
0I6bdBR4Q7uoc3HI1OgI8C;Bonga;afropop,mande pop,morna,semba,world;new-age;level_2;25398;47;https://open.spotify.com/artist/0I6bdBR4Q7uoc3HI1OgI8C;https://i.scdn.co/image/8a015fd22c7cc02d1ef02e6ace18edee2b4794f3
2reknFuZPFjVat474Q35SQ;Bassekou Kouyate;afropop,desert blues,mande pop,world;new-age;level_2;9867;31;https://open.spotify.com/artist/2reknFuZPFjVat474Q35SQ;https://i.scdn.co/image/bb17a18566e4d06b6b07e00f818f3eb784133e28
06Ib5crxFFg8jg3q8ZP77W;Afel Bocoum;afropop,desert blues,mande pop,world;new-age;level_2;3257;28;https://open.spotify.com/artist/06Ib5crxFFg8jg3q8ZP77W;https://i.scdn.co/image/bb3af27f8a08ce386d81c724ae21e2c25f04c372
4EBRPnSYtrfmwptEMOSCV8;Ismaël Lô;afropop,mande pop,mbalax,world;new-age;level_2;25724;41;https://open.spotify.com/artist/4EBRPnSYtrfmwptEMOSCV8;https://i.scdn.co/image/ef0efbcf5800f252b8e8e637eed819b046be0abc
1f8646DgHta6Gl3eLxZTdk;Ayub Ogada;afropop,mande pop,world;new-age;level_2;13959;40;https://open.spotify.com/artist/1f8646DgHta6Gl3eLxZTdk;https://i.scdn.co/image/c5f13333e5d0c48c64d2b501ea73fbdaaffe4e1f
3T2iIPbvIyKJdXNrFYiYXn;Issa Bagayogo;afropop,desert blues,mande pop,world;new-age;level_2;5954;31;https://open.spotify.com/artist/3T2iIPbvIyKJdXNrFYiYXn;https://i.scdn.co/image/cd811ab78802a71bd6e947714f5caba179b47718
2Los7jf0DpltIz39dDgNen;AfroCubism;afrobeat,afropop,mande pop,world;new-age;level_2;12492;42;https://open.spotify.com/artist/2Los7jf0DpltIz39dDgNen;https://i.scdn.co/image/23da43687288fb82b2471d355066802c63ba5b2e
4JzBPiRKBOG8U0jef4M60l;Geoffrey Oryema;afropop,mande pop,world;new-age;level_2;10900;41;https://open.spotify.com/artist/4JzBPiRKBOG8U0jef4M60l;https://i.scdn.co/image/3cb8187e55daf34a7a15cc98baeb5892bbf1c449
1X05wFRysrSsg6xbavYBdU;Dan Ar Braz;breton folk,celtic,celtic rock;new-age;level_2;4576;27;https://open.spotify.com/artist/1X05wFRysrSsg6xbavYBdU;https://i.scdn.co/image/573211e1d326110c37d9347af5730cfd7e285394
3e09WanUMwtc9XfZRLvZ30;Carlos Nuñez;balfolk,celtic,galician folk;new-age;level_2;15814;35;https://open.spotify.com/artist/3e09WanUMwtc9XfZRLvZ30;https://i.scdn.co/image/489d726f3028e38a90bec7acdddb7dd1a55f3c53
020YMlk8jpd2AKUi5B0OK1;Lúnasa;celtic,celtic rock,irish folk,irish neo-traditional,uilleann pipes;new-age;level_2;19456;41;https://open.spotify.com/artist/020YMlk8jpd2AKUi5B0OK1;https://i.scdn.co/image/3e1798d98b2683a02ca14c82fae23114e429a7a0
2CGGUtRYybRjQmuUwXugeP;Solas;celtic,irish folk,irish neo-traditional;new-age;level_2;9484;37;https://open.spotify.com/artist/2CGGUtRYybRjQmuUwXugeP;https://i.scdn.co/image/9ed2e3375dfd9f4a620906035234bce92b4f9d9d
2qo4xct4APsg3LSerdPACx;Silly Wizard;celtic,celtic rock,irish folk;new-age;level_2;5455;32;https://open.spotify.com/artist/2qo4xct4APsg3LSerdPACx;https://i.scdn.co/image/d15e3e8cdf475c14c126a30a5d7653c351d91198
7MSUfLeTdDEoZiJPDSBXgi;Brian Eno;ambient,art rock,compositional ambient,drone,fourth world,glam rock,minimal;new-age;level_2;279372;69;https://open.spotify.com/artist/7MSUfLeTdDEoZiJPDSBXgi;https://i.scdn.co/image/a1fc5973c4edbbd435ae3521ee284d03072391a6
36pCa1JHc6hlGbfEmLzJQc;Stars Of The Lid;ambient,compositional ambient,drift,drone,focus,fourth world,post-rock,warm drone;new-age;level_2;39109;57;https://open.spotify.com/artist/36pCa1JHc6hlGbfEmLzJQc;https://i.scdn.co/image/d06e8bcd070718563b4d2f278f33de17773f6b96
4QK3YJ6hzJdhJHE9q7kbVV;Eluvium;ambient,compositional ambient,drift,drone,focus,fourth world,post-rock;new-age;level_2;45944;53;https://open.spotify.com/artist/4QK3YJ6hzJdhJHE9q7kbVV;https://i.scdn.co/image/2230ca43650aaf0a130a1a3b5905b494cf63db37
5gqhueRUZEa7VDnQt4HODp;Nils Frahm;chamber pop,compositional ambient,focus,fourth world,neoclassical;new-age;level_2;278812;69;https://open.spotify.com/artist/5gqhueRUZEa7VDnQt4HODp;https://i.scdn.co/image/d68733362f882222cf243fe4a22af05a41ae91e7
1qiwaJwjKod5WhcYZ76O1B;Tim Hecker;ambient,art pop,art rock,bass music,canadian experimental,chamber psych,compositional ambient,dark jazz,dream pop,drift,drone,dub techno,electronic,escape room,experimental,experimental rock,fluxwork,fourth world,freak folk,indietronica,intelligent dance music,mandible,microhouse,neo-psychedelic,noise pop,noise rock,outsider house,post-rock,slow core,sound art,vaporwave,warm drone;new-age;level_2;56442;48;https://open.spotify.com/artist/1qiwaJwjKod5WhcYZ76O1B;https://i.scdn.co/image/8a3de9c023a8bd26bff8d4f0d5fd1474ee2c43f1
2ojlS7imGFiZ8A8tXXGEt7;Library Tapes;ambient,compositional ambient,drift,drone,focus,fourth world,warm drone;new-age;level_2;23725;47;https://open.spotify.com/artist/2ojlS7imGFiZ8A8tXXGEt7;https://i.scdn.co/image/97db3290e93791eb5f37cb0bd8a964127fabc43e
13CMfEeq8AC6ryGOPODqE1;A Winged Victory for the Sullen;ambient,compositional ambient,drift,drone,focus,fourth world,post-rock,warm drone;new-age;level_2;29079;45;https://open.spotify.com/artist/13CMfEeq8AC6ryGOPODqE1;https://i.scdn.co/image/3ec38f6717e9594da651805948a977cdc7791590
3nZ3ed6p4CKc1McTLypr6H;Marconi Union;ambient;new-age;level_2;94797;59;https://open.spotify.com/artist/3nZ3ed6p4CKc1McTLypr6H;https://i.scdn.co/image/f1917f6a04bd155075bee7144684af498c23e375
7yxi31szvlbwvKq9dYOmFI;Jon Hopkins;ambient,compositional ambient,electronic,fourth world,indietronica;new-age;level_2;231572;64;https://open.spotify.com/artist/7yxi31szvlbwvKq9dYOmFI;https://i.scdn.co/image/6d1883bbb371fc259dd77298d27191935947e47c
2jabDfWozfWUm6qTlar7c2;Jónsi & Alex;compositional ambient,drone,icelandic pop,post-rock;new-age;level_2;36698;29;https://open.spotify.com/artist/2jabDfWozfWUm6qTlar7c2;https://i.scdn.co/image/d5b35a1744fd63b05d6a4e5a56a16bff28ca10b8
0KSjxPoT71Dq8qcgfWTdHh;Nichole Nordeman;ccm,christian alternative rock,christian music,christian rock,worship;new-age;level_2;70577;48;https://open.spotify.com/artist/0KSjxPoT71Dq8qcgfWTdHh;https://i.scdn.co/image/1b6d3a16d7c54439ac656aa4d24cc81ef2be3386
5y1gFSVnE4DGxUxHeKrGk6;Point Of Grace;ccm,christian alternative rock,christian music,christian rock,worship;new-age;level_2;78874;51;https://open.spotify.com/artist/5y1gFSVnE4DGxUxHeKrGk6;https://i.scdn.co/image/58b7632c65f3af48e6883a805b1ed2fcd4ad6386
0s7Ro7Q2XagXEYhWbI9PHv;Mark Schultz;anthem worship,ccm,christian alternative rock,christian music,christian rock,worship;new-age;level_2;58504;46;https://open.spotify.com/artist/0s7Ro7Q2XagXEYhWbI9PHv;https://i.scdn.co/image/fe6b0cf42727a8411eb52fcc575366c477c9cf9a
6KVnMm856M8CHHBCw53Ihh;Natalie Grant;anthem worship,ccm,christian alternative rock,christian music,christian rock,worship;new-age;level_2;207975;58;https://open.spotify.com/artist/6KVnMm856M8CHHBCw53Ihh;https://i.scdn.co/image/eb2acdd3492d671cff8edef851e37cd5eaf3995d
4rulVipLmUL2Mg67SIUmCO;Avalon;ccm,christian alternative rock,christian music,christian rock,louvor,worship;new-age;level_2;43687;45;https://open.spotify.com/artist/4rulVipLmUL2Mg67SIUmCO;https://i.scdn.co/image/be834625e7794ed2c44c872aebd29948dd2a65e7
0vD3f3r69jBB1bL6VWnGM2;Chris Rice;ccm,christian alternative rock,christian music,christian relaxative,christian rock,worship;new-age;level_2;47891;50;https://open.spotify.com/artist/0vD3f3r69jBB1bL6VWnGM2;https://i.scdn.co/image/ba69c99946f8658bb52b9da650813e4ef90820c0
4xvNx8d6ZMhOZXUGUBmJby;FFH;ccm,christian alternative rock,christian music,christian rock,worship;new-age;level_2;20538;39;https://open.spotify.com/artist/4xvNx8d6ZMhOZXUGUBmJby;https://i.scdn.co/image/1c026f5af31cdd65f68187a478027ef4cd5a4e06
0oM8RWZXhJYSnzGdepP7fM;Aaron Shust;anthem worship,ccm,christian alternative rock,christian music,christian rock,rock cristiano,world worship,worship;new-age;level_2;104235;58;https://open.spotify.com/artist/0oM8RWZXhJYSnzGdepP7fM;https://i.scdn.co/image/ac8cb209e6fffbfa0343211a537faae05f8a97eb
6e8OTLDQpaz1Tl2GEaxsNj;Matthew West;anthem worship,ccm,christian alternative rock,christian music,christian rock,worship;new-age;level_2;361216;62;https://open.spotify.com/artist/6e8OTLDQpaz1Tl2GEaxsNj;https://i.scdn.co/image/3feaf7aac747ca9410ad62710067bd6488ac3db1
1Ng8jGC4dL0gkkuh77pbpX;Newsong;anthem worship,ccm,christian alternative rock,christian music,christian rock,worship;new-age;level_2;65111;49;https://open.spotify.com/artist/1Ng8jGC4dL0gkkuh77pbpX;https://i.scdn.co/image/c335b7ea4c3d72af54d846c38eefe3036bea87e8
1SaELUYn7deVoQ9kGDGUD9;Rebecca St. James;ccm,christelijk,christian alternative rock,christian music,christian rock,worship;new-age;level_2;48728;42;https://open.spotify.com/artist/1SaELUYn7deVoQ9kGDGUD9;https://i.scdn.co/image/edfb48044048b81b74daae73f05585546d2435f4
0g5OkLnQogzLrT9s5vw6kl;Phillips, Craig & Dean;ccm,christian alternative rock,christian music,christian relaxative,christian rock,world worship,worship;new-age;level_2;116533;54;https://open.spotify.com/artist/0g5OkLnQogzLrT9s5vw6kl;https://i.scdn.co/image/3430821af74b6453d7889530b30dc3826fb66dfa
1zK4ACgLi1lVPpfmmcwOTh;DC Talk;ccm,christian alternative rock,christian music,christian punk,christian rock,worship;new-age;level_2;115233;47;https://open.spotify.com/artist/1zK4ACgLi1lVPpfmmcwOTh;https://i.scdn.co/image/f131868a23da64d9b331141b0e80d6810bfb506e
13UhfW7GPizrArBwq7ugps;Rich Mullins;ccm,christian alternative rock,christian music,christian rock,deep christian rock,worship;new-age;level_2;42311;42;https://open.spotify.com/artist/13UhfW7GPizrArBwq7ugps;https://i.scdn.co/image/8f7006cc3b10984553403763b78ed60c3f7bf24f
5F211gZjfoqvH8v7erGdsy;4Him;ccm,christian alternative rock,christian music,christian rock,worship;new-age;level_2;30690;37;https://open.spotify.com/artist/5F211gZjfoqvH8v7erGdsy;https://i.scdn.co/image/6814259a5c647ad295748ea0dfdb07435bc4f757
4SsMf4SjhOlSqEitcprgBt;Big Daddy Weave;anthem worship,ccm,christian alternative rock,christian music,christian rock,worship;new-age;level_2;287379;58;https://open.spotify.com/artist/4SsMf4SjhOlSqEitcprgBt;https://i.scdn.co/image/f43f7e4794ce9cb0ec72ef184c1418023587c9a8
1aoy0R8uP3x33eqKZOLpN1;Lincoln Brewster;anthem worship,ccm,christian alternative rock,christian music,christian rock,world worship,worship;new-age;level_2;118487;56;https://open.spotify.com/artist/1aoy0R8uP3x33eqKZOLpN1;https://i.scdn.co/image/14a9160c8d3c825bc355dfbc9f68c26633ba5a4e
1SZMaiNHfdUuU0qZKZ6y62;Newsboys;ccm,christian alternative rock,christian music,christian rock,worship;new-age;level_2;626685;61;https://open.spotify.com/artist/1SZMaiNHfdUuU0qZKZ6y62;https://i.scdn.co/image/40d7bd1536394734314a03125bbbd2bfa995ef8a
01PBXLThJADrhufsPS5tER;Audio Adrenaline;ccm,christian alternative rock,christian music,christian punk,christian rock,worship;new-age;level_2;89033;46;https://open.spotify.com/artist/01PBXLThJADrhufsPS5tER;https://i.scdn.co/image/c19fda2360b2d0662fe9e746117b9a2bba9f2b7d
6Le23Aqwqi28fQUzfv4dHY;Building 429;anthem worship,ccm,christian alternative rock,christian music,christian rock,worship;new-age;level_2;176275;51;https://open.spotify.com/artist/6Le23Aqwqi28fQUzfv4dHY;https://i.scdn.co/image/4bc1a030c8dea219e9223867a17cf49b58865022
4vXUoB9om3IMlNONSPQSPT;Rain Tree Crow;art rock,fourth world;new-age;level_2;4415;26;https://open.spotify.com/artist/4vXUoB9om3IMlNONSPQSPT;https://i.scdn.co/image/548a7c75a5b844b281faeac769a16665c9e83492
6VOpJbBvWLgyTI6GsnKvbg;Hector Zazou;fourth world;new-age;level_2;3059;22;https://open.spotify.com/artist/6VOpJbBvWLgyTI6GsnKvbg;https://i.scdn.co/image/b2abcd5b85db505346c8aa800fe4d76ef39ab7f7
526q7RxT5KA1VGeQ5GMSHO;Craig Armstrong;british soundtrack,classify,scorecore,soundtrack;new-age;level_2;37100;65;https://open.spotify.com/artist/526q7RxT5KA1VGeQ5GMSHO;https://i.scdn.co/image/f3ee4b373333678e46b2b812110b10b0501a823c
2pElTJJ5D3ziEPyvZsW5eF;Fernando Velázquez;deep soundtrack,latin soundtrack,scorecore,soundtrack;new-age;level_2;6990;50;https://open.spotify.com/artist/2pElTJJ5D3ziEPyvZsW5eF;https://i.scdn.co/image/53bf16d133c9abbc23089c36cf448ff67463f1db
2ZeUaZT3s3NSbeV7OS094J;Rob Simonsen;soundtrack;new-age;level_2;6858;53;https://open.spotify.com/artist/2ZeUaZT3s3NSbeV7OS094J;https://i.scdn.co/image/fb3eb224ef9fde137900fcf9c66097206f7030d2
6RJYPm4gcrIuOjQiqu9VXu;Sandi Patty;christian music,christian relaxative,worship;new-age;level_2;30853;44;https://open.spotify.com/artist/6RJYPm4gcrIuOjQiqu9VXu;https://i.scdn.co/image/06a4cded04d4c1ec52894fd6443e3303e97c684d
6eGXFEwOdfD1dIPyu6c5cG;Steve Green;christian music,christian relaxative,worship;new-age;level_2;33006;46;https://open.spotify.com/artist/6eGXFEwOdfD1dIPyu6c5cG;https://i.scdn.co/image/5d9c814cbc6af854c61abc5c2ad77baa7262d8be
7M8NpXAQ8mw9SN4323qa8S;Wayne Watson;christian music,deep christian rock;new-age;level_2;7434;29;https://open.spotify.com/artist/7M8NpXAQ8mw9SN4323qa8S;https://i.scdn.co/image/dc689eaea58978fa0b90760516276b6ba18744da
6UXDMJQeP2GCfHgspo2KZx;Lenny LeBlanc;christian relaxative,classic praise,world worship,worship;new-age;level_2;13648;39;https://open.spotify.com/artist/6UXDMJQeP2GCfHgspo2KZx;https://i.scdn.co/image/3445623e8e6d74573cbebd1c975258c37033084e
3kTcyaSYP5fqlqrNUvxiER;Carman;ccm,christian alternative rock,christian music,deep christian rock,worship;new-age;level_2;27205;36;https://open.spotify.com/artist/3kTcyaSYP5fqlqrNUvxiER;https://i.scdn.co/image/f91979cffc5fb62a3581c4b47fc80f8d54d3b24b
6kyrLT1W90fADXGTgF7dpQ;David Meece;christian music,deep christian rock;new-age;level_2;7426;28;https://open.spotify.com/artist/6kyrLT1W90fADXGTgF7dpQ;https://i.scdn.co/image/36cae6b445b34aa5b5b57a39e8120291b2267f36
2LxKPZ6XIAuR8FRNGCpcQl;The Maranatha! Singers;christian relaxative,classic praise,worship;new-age;level_2;5351;30;https://open.spotify.com/artist/2LxKPZ6XIAuR8FRNGCpcQl;https://i.scdn.co/image/a1f652b63632211790748fe465c1dec0affc7a5e
00zOnfp2XbezHQUNAYH7ON;John Michael Talbot;christian relaxative,rosary,worship;new-age;level_2;13714;45;https://open.spotify.com/artist/00zOnfp2XbezHQUNAYH7ON;https://i.scdn.co/image/2ee4509f63a19579996544429bd59bebbb736dc3
35ufIa5SJNtsQMIKrQeYfN;Michael Card;ccm,christian music,christian relaxative,deep christian rock,rosary,worship;new-age;level_2;19698;45;https://open.spotify.com/artist/35ufIa5SJNtsQMIKrQeYfN;https://i.scdn.co/image/6ce7d6bf38c0eda1005b77b7061626bcc27099b0
2YXvdYU3uqlbLRHLI5SFFi;Susan Ashton;christian music,deep christian rock;new-age;level_2;6769;38;https://open.spotify.com/artist/2YXvdYU3uqlbLRHLI5SFFi;https://i.scdn.co/image/ba38cc7c7b5f9a9d59011a087f96813e2c20dade
1FNmqPy2DuIQkZEWSzO3Cw;Bryan Duncan;ccm,christian music,deep christian rock;new-age;level_2;11317;34;https://open.spotify.com/artist/1FNmqPy2DuIQkZEWSzO3Cw;https://i.scdn.co/image/0d0a661bcfe7c7168ca478b2533ca5705eff1ca9
5AANxVyO6dOulHHX5pAWQg;Clay Crosse;christian alternative rock,christian music;new-age;level_2;8972;25;https://open.spotify.com/artist/5AANxVyO6dOulHHX5pAWQg;https://i.scdn.co/image/5c93bb125ac334fcb245a0e562bbb64885481db1
6wvkwvDNBOQ9FXRQGfBxIv;Isao Tomita;;new-age;level_1;20662;35;https://open.spotify.com/artist/6wvkwvDNBOQ9FXRQGfBxIv;https://i.scdn.co/image/a8ffd359ce27fd1151da0610afe0d03c9acbd5a4
4ZmNj7bRSU3YCtH0oaJSef;Paul Winter;;new-age;level_1;2672;30;https://open.spotify.com/artist/4ZmNj7bRSU3YCtH0oaJSef;https://i.scdn.co/image/0cc737f4de5033947f6acdedfd18f2168183a48e
724YlnEzfIBXRWSmT1ur6W;Christopher Franke;;new-age;level_1;1430;21;https://open.spotify.com/artist/724YlnEzfIBXRWSmT1ur6W;https://i.scdn.co/image/18d6dd296336c7651006c1a0a3b049694f5d3a62
1ruEDrFZVTsTgtfWMJgN7b;Michael Shrieve;;new-age;level_1;763;15;https://open.spotify.com/artist/1ruEDrFZVTsTgtfWMJgN7b;https://i.scdn.co/image/0139619c9afba78f7818d274d15080d39532e43c
1nRwfB25PsQC0TdQlKeaqE;Oregon Symphony;;new-age;level_1;224;34;https://open.spotify.com/artist/1nRwfB25PsQC0TdQlKeaqE;https://i.scdn.co/image/5222f68ee90fbd95705bd946a1eb499ff3e73248
